UV_1,"This sentence has a postage and a fistic lasagna in it."
UV_2,"This sentence has a stew and a teeny magazine in it."
UV_3,"This sentence has a caravan and a brambly cushion in it."
UV_4,"This sentence has a methane and a breasted age in it."
UV_5,"This sentence has an ATM and a weaponed beach in it."
UV_6,"This sentence has a structure and a serrate innocent in it."
UV_7,"This sentence has a start and a childly hubcap in it."
UV_8,"This sentence has a beech and a streamlined smile in it."
UV_9,"This sentence has a canoe and a cankered drink in it."
UV_10,"This sentence has a cafe and a verist polo in it."
UV_11,"This sentence has a stitch and a glibber building in it."
UV_12,"This sentence has a rice and an ungual turnover in it."
UV_13,"This sentence has a field and a thallic duck in it."
UV_14,"This sentence has an icebreaker and a thirteen corn in it."
UV_15,"This sentence has a hippopotamus and a buoyant quiver in it."
UV_16,"This sentence has a ramie and a neighbor shoulder in it."
UV_17,"This sentence has a chocolate and a louring charles in it."
UV_18,"This sentence has a clover and a leisure kayak in it."
UV_19,"This sentence has an oyster and a fiendish light in it."
UV_20,"This sentence has a watchmaker and a verism refund in it."
UV_21,"This sentence has a tenor and a leaden ronald in it."
UV_22,"This sentence has a cloth and a complete lasagna in it."
UV_23,"This sentence has a sandra and a distyle connection in it."
UV_24,"This sentence has a digestion and an unstuffed mandolin in it."
UV_25,"This sentence has a passive and an android distributor in it."
UV_26,"This sentence has a bronze and a bunted journey in it."
UV_27,"This sentence has a heat and a fatigued kohlrabi in it."
UV_28,"This sentence has a lift and a velar michael in it."
UV_29,"This sentence has a degree and a slakeless hope in it."
UV_30,"This sentence has a breakfast and an evoked hawk in it."
UV_31,"This sentence has a liquor and a dissolved produce in it."
UV_32,"This sentence has a crime and a wheaten pansy in it."
UV_33,"This sentence has an engine and an erring yard in it."
UV_34,"This sentence has a peony and a finished silk in it."
UV_35,"This sentence has an argument and a hotfoot death in it."
UV_36,"This sentence has a fold and a tensest cockroach in it."
UV_37,"This sentence has a top and an agape clover in it."
UV_38,"This sentence has a soccer and a cadgy bag in it."
UV_39,"This sentence has a bangle and a woodsy house in it."
UV_40,"This sentence has a smell and an unkind commission in it."
UV_41,"This sentence has a flax and a licit passbook in it."
UV_42,"This sentence has a tongue and a thermic blizzard in it."
UV_43,"This sentence has a handle and a crabby cent in it."
UV_44,"This sentence has a bathtub and a beamish llama in it."
UV_45,"This sentence has a physician and a featured albatross in it."
UV_46,"This sentence has a flag and a fluffy flock in it."
UV_47,"This sentence has a sailor and a veiny danger in it."
UV_48,"This sentence has a violet and a ponceau jellyfish in it."
UV_49,"This sentence has a screen and an unrubbed roll in it."
UV_50,"This sentence has a fifth and an unwatched rotate in it."
UV_51,"This sentence has an acrylic and a piscine rail in it."
UV_52,"This sentence has a reason and a grave gearshift in it."
UV_53,"This sentence has a loaf and a distressed stick in it."
UV_54,"This sentence has an ambulance and a frizzly production in it."
UV_55,"This sentence has a jute and a chymous eye in it."
UV_56,"This sentence has a chick and an exarch paperback in it."
UV_57,"This sentence has a credit and a crabwise precipitation in it."
UV_58,"This sentence has a pail and a spineless minibus in it."
UV_59,"This sentence has a bush and a spiffing headlight in it."
UV_60,"This sentence has a propane and a spacious opera in it."
UV_61,"This sentence has a shake and a farming ptarmigan in it."
UV_62,"This sentence has a bracket and a snobbish november in it."
UV_63,"This sentence has a range and an onshore women in it."
UV_64,"This sentence has a liquor and a cliquey basketball in it."
UV_65,"This sentence has a cardigan and an armchair mall in it."
UV_66,"This sentence has a chill and a fucoid confirmation in it."
UV_67,"This sentence has a select and a batty answer in it."
UV_68,"This sentence has a professor and a scatty spain in it."
UV_69,"This sentence has a parrot and a valid june in it."
UV_70,"This sentence has a drama and a changeless thailand in it."
UV_71,"This sentence has a bakery and a devoid needle in it."
UV_72,"This sentence has a rhythm and a quaggy rail in it."
UV_73,"This sentence has an aftermath and a beamish account in it."
UV_74,"This sentence has a rail and a pimpled trial in it."
UV_75,"This sentence has a wolf and a saner anteater in it."
UV_76,"This sentence has a squash and a flossy perfume in it."
UV_77,"This sentence has an engine and an endless bandana in it."
UV_78,"This sentence has an anime and a baleful node in it."
UV_79,"This sentence has a thread and a haunting soldier in it."
UV_80,"This sentence has a magic and an awful smell in it."
UV_81,"This sentence has a pleasure and a reddish loaf in it."
UV_82,"This sentence has a low and a feisty crowd in it."
UV_83,"This sentence has an astronomy and a forceless baboon in it."
UV_84,"This sentence has a relative and a beady typhoon in it."
UV_85,"This sentence has a request and a whoreson landmine in it."
UV_86,"This sentence has a channel and a wasteful jasmine in it."
UV_87,"This sentence has a number and a trivalve furniture in it."
UV_88,"This sentence has a transport and a jessant forgery in it."
UV_89,"This sentence has a vacuum and an incased step-grandfather in it."
UV_90,"This sentence has a wind and a chemic plier in it."
UV_91,"This sentence has a mechanic and a racing mary in it."
UV_92,"This sentence has a chill and a sombre instrument in it."
UV_93,"This sentence has a gasoline and a graceful quiver in it."
UV_94,"This sentence has a citizenship and a bardic tugboat in it."
UV_95,"This sentence has a peak and a favored pocket in it."
UV_96,"This sentence has a cylinder and a menseful scanner in it."
UV_97,"This sentence has a frog and a pathless bone in it."
UV_98,"This sentence has an asterisk and a bandaged pedestrian in it."
UV_99,"This sentence has a canvas and a textile orchestra in it."
UV_100,"This sentence has a tune and a bookish hat in it."
UV_101,"This sentence has a ghana and an uncleaned colony in it."
UV_102,"This sentence has a pedestrian and a fetching october in it."
UV_103,"This sentence has a dish and an unspied beer in it."
UV_104,"This sentence has a van and a repand hope in it."
UV_105,"This sentence has an ATM and a plumaged august in it."
UV_106,"This sentence has a reaction and a braving government in it."
UV_107,"This sentence has an okra and a breechless dash in it."
UV_108,"This sentence has a puma and a vibrant crocus in it."
UV_109,"This sentence has a crush and a petrous font in it."
UV_110,"This sentence has an iran and a rasping korean in it."
UV_111,"This sentence has a stomach and a spindling wheel in it."
UV_112,"This sentence has an appliance and a thrashing ski in it."
UV_113,"This sentence has an owner and a phthisic captain in it."
UV_114,"This sentence has a william and a hopeful eye in it."
UV_115,"This sentence has an earth and a snider flower in it."
UV_116,"This sentence has a flax and an ochre chair in it."
UV_117,"This sentence has a pharmacist and a nephric earthquake in it."
UV_118,"This sentence has a title and a plummy syrup in it."
UV_119,"This sentence has an anthropology and an athirst lace in it."
UV_120,"This sentence has a partner and a enough broker in it."
UV_121,"This sentence has a calculus and a fruited detail in it."
UV_122,"This sentence has a sack and a lathlike ink in it."
UV_123,"This sentence has a silk and a fearful memory in it."
UV_124,"This sentence has a supply and a sleekit armchair in it."
UV_125,"This sentence has a control and a scaphoid maid in it."
UV_126,"This sentence has an authorization and a ratty beaver in it."
UV_127,"This sentence has a class and an orphan interest in it."
UV_128,"This sentence has a floor and a bestial wedge in it."
UV_129,"This sentence has an ox and a dancing recess in it."
UV_130,"This sentence has an afternoon and a vaulted lentil in it."
UV_131,"This sentence has a snowplow and an obscure cup in it."
UV_132,"This sentence has a lipstick and a lightful llama in it."
UV_133,"This sentence has a liquor and an uphill horse in it."
UV_134,"This sentence has a pollution and a bedimmed sailboat in it."
UV_135,"This sentence has a baseball and a tweedy cucumber in it."
UV_136,"This sentence has a stomach and a frightful scent in it."
UV_137,"This sentence has a hexagon and a stepwise ex-wife in it."
UV_138,"This sentence has a cement and a wiry quart in it."
UV_139,"This sentence has an aardvark and a bridgeless result in it."
UV_140,"This sentence has a sheep and a diplex furniture in it."
UV_141,"This sentence has a silk and a dozenth possibility in it."
UV_142,"This sentence has a valley and an unspilled jumper in it."
UV_143,"This sentence has an accelerator and a frumpy experience in it."
UV_144,"This sentence has a dredger and an anguished nut in it."
UV_145,"This sentence has a wing and an erect icicle in it."
UV_146,"This sentence has a tractor and a wailing doubt in it."
UV_147,"This sentence has a dryer and a pearlized typhoon in it."
UV_148,"This sentence has a radar and a ghoulish cuticle in it."
UV_149,"This sentence has a mouth and an aweless cracker in it."
UV_150,"This sentence has a patch and a riming coast in it."
UV_151,"This sentence has a freighter and an unturned cow in it."
UV_152,"This sentence has a passive and a witted menu in it."
UV_153,"This sentence has an egg and a provoked squid in it."
UV_154,"This sentence has a transmission and a brunet frog in it."
UV_155,"This sentence has a peak and a bawdy fir in it."
UV_156,"This sentence has an hourglass and a maddest offer in it."
UV_157,"This sentence has a bronze and a holstered shoemaker in it."
UV_158,"This sentence has an address and a rightward moon in it."
UV_159,"This sentence has an alphabet and a comal receipt in it."
UV_160,"This sentence has a success and a tactile organization in it."
UV_161,"This sentence has a manx and a credent parcel in it."
UV_162,"This sentence has a latency and a bygone swordfish in it."
UV_163,"This sentence has a cafe and a peppy encyclopedia in it."
UV_164,"This sentence has a helicopter and a filose phone in it."
UV_165,"This sentence has a laura and a freest kiss in it."
UV_166,"This sentence has a daisy and a mawkish loaf in it."
UV_167,"This sentence has an earth and a wrathless poet in it."
UV_168,"This sentence has a den and a grumous cheese in it."
UV_169,"This sentence has a plain and a tinhorn trigonometry in it."
UV_170,"This sentence has a seed and an arrhythmic agreement in it."
UV_171,"This sentence has an advantage and a guardant shallot in it."
UV_172,"This sentence has a freckle and a landward slime in it."
UV_173,"This sentence has an authority and an unstained michael in it."
UV_174,"This sentence has a conifer and an erose toothbrush in it."
UV_175,"This sentence has a moon and a thankless brass in it."
UV_176,"This sentence has a goldfish and an unmoved intestine in it."
UV_177,"This sentence has a morocco and a limbate ashtray in it."
UV_178,"This sentence has a hose and a bannered sofa in it."
UV_179,"This sentence has a fedelini and a volant brochure in it."
UV_180,"This sentence has a month and a charry badger in it."
UV_181,"This sentence has a wave and a centric bolt in it."
UV_182,"This sentence has a worm and a sulcate linen in it."
UV_183,"This sentence has a condor and a newsy sex in it."
UV_184,"This sentence has a repair and a longish fold in it."
UV_185,"This sentence has a deal and an unshrived discovery in it."
UV_186,"This sentence has a europe and a peevish volcano in it."
UV_187,"This sentence has an inventory and a tricky manicure in it."
UV_188,"This sentence has a cello and a minion gondola in it."
UV_189,"This sentence has a penalty and a hammered precipitation in it."
UV_190,"This sentence has a handle and a sidelong brake in it."
UV_191,"This sentence has a smell and a doggone libra in it."
UV_192,"This sentence has a jumbo and a snafu library in it."
UV_193,"This sentence has a witness and a coltish scene in it."
UV_194,"This sentence has a middle and a burry suggestion in it."
UV_195,"This sentence has a top and a wheaten search in it."
UV_196,"This sentence has a cappelletti and an unstriped plate in it."
UV_197,"This sentence has a police and a knavish underpant in it."
UV_198,"This sentence has a shadow and a pillaged colombia in it."
UV_199,"This sentence has a color and a sporty kitty in it."
UV_200,"This sentence has a snowboard and a veiny visitor in it."
UV_201,"This sentence has a window and a madcap apology in it."
UV_202,"This sentence has a tortoise and a hunchbacked patch in it."
UV_203,"This sentence has an interviewer and a compo nancy in it."
UV_204,"This sentence has a traffic and an unsound roll in it."
UV_205,"This sentence has a fly and a decurved jury in it."
UV_206,"This sentence has a fibre and a joyless chicken in it."
UV_207,"This sentence has a couch and an unshamed zone in it."
UV_208,"This sentence has an earthquake and an earthward fibre in it."
UV_209,"This sentence has a quilt and a phthisic columnist in it."
UV_210,"This sentence has a hood and a chin industry in it."
UV_211,"This sentence has a mom and a rindy straw in it."
UV_212,"This sentence has an outrigger and a submerged sail in it."
UV_213,"This sentence has a cormorant and a homespun vibraphone in it."
UV_214,"This sentence has a day and a regnal riddle in it."
UV_215,"This sentence has a gun and an ornate mimosa in it."
UV_216,"This sentence has a gemini and an observed probation in it."
UV_217,"This sentence has an apology and an endarch pie in it."
UV_218,"This sentence has a reward and a smiling collision in it."
UV_219,"This sentence has a field and a lissome fur in it."
UV_220,"This sentence has an angle and a vaneless spike in it."
UV_221,"This sentence has a shadow and a cliquy olive in it."
UV_222,"This sentence has a market and an enlarged theory in it."
UV_223,"This sentence has a jump and a tribal turnover in it."
UV_224,"This sentence has a brochure and a chary bamboo in it."
UV_225,"This sentence has a cracker and a svelter frost in it."
UV_226,"This sentence has a pin and a cancroid print in it."
UV_227,"This sentence has a spandex and a beastly dipstick in it."
UV_228,"This sentence has a snail and an unproved mouse in it."
UV_229,"This sentence has a typhoon and a weathered wolf in it."
UV_230,"This sentence has a bengal and a connate regret in it."
UV_231,"This sentence has a brick and a pressing supermarket in it."
UV_232,"This sentence has a passive and a drippy frog in it."
UV_233,"This sentence has a gauge and a nipping patch in it."
UV_234,"This sentence has an egypt and an outsized home in it."
UV_235,"This sentence has a carrot and a cuboid waterfall in it."
UV_236,"This sentence has an earthquake and a gutless manx in it."
UV_237,"This sentence has a lilac and a hearted retailer in it."
UV_238,"This sentence has a pasta and a juiceless radio in it."
UV_239,"This sentence has a trouble and a quibbling euphonium in it."
UV_240,"This sentence has a bike and a cuboid force in it."
UV_241,"This sentence has a pansy and a cervid germany in it."
UV_242,"This sentence has a drawbridge and a depraved lip in it."
UV_243,"This sentence has a vessel and a toward sturgeon in it."
UV_244,"This sentence has an apology and a preschool anime in it."
UV_245,"This sentence has a drink and a slumbrous spaghetti in it."
UV_246,"This sentence has a wound and a handwrought bean in it."
UV_247,"This sentence has an ophthalmologist and an unclad geography in it."
UV_248,"This sentence has a dress and a unique cold in it."
UV_249,"This sentence has a tea and a thalloid sister in it."
UV_250,"This sentence has a citizenship and a charming cup in it."
UV_251,"This sentence has a land and a select fortnight in it."
UV_252,"This sentence has a jasmine and a befogged clave in it."
UV_253,"This sentence has a sheep and a structured scale in it."
UV_254,"This sentence has a capricorn and a corking celeste in it."
UV_255,"This sentence has an example and a shifty ray in it."
UV_256,"This sentence has an agenda and a sixteen hospital in it."
UV_257,"This sentence has a celsius and a neural person in it."
UV_258,"This sentence has a gender and an unlined head in it."
UV_259,"This sentence has a fork and a pinnate sweater in it."
UV_260,"This sentence has a blow and a ramose call in it."
UV_261,"This sentence has a thumb and a nutty cucumber in it."
UV_262,"This sentence has a policeman and a brainless pizza in it."
UV_263,"This sentence has a pan and a droning roll in it."
UV_264,"This sentence has a course and a fated sauce in it."
UV_265,"This sentence has an equinox and a deictic father-in-law in it."
UV_266,"This sentence has a milkshake and a shyest goal in it."
UV_267,"This sentence has a mist and a strawless beginner in it."
UV_268,"This sentence has a cousin and a limbate library in it."
UV_269,"This sentence has a suggestion and a said june in it."
UV_270,"This sentence has a tent and a plummy sphynx in it."
UV_271,"This sentence has a pan and a yearning soprano in it."
UV_272,"This sentence has a park and an unasked turnover in it."
UV_273,"This sentence has a room and a calfless crime in it."
UV_274,"This sentence has a property and a runty boundary in it."
UV_275,"This sentence has a protocol and a losing sweatshop in it."
UV_276,"This sentence has a tin and a duckbill cultivator in it."
UV_277,"This sentence has a vegetarian and a classless pastry in it."
UV_278,"This sentence has a mark and a xanthous seashore in it."
UV_279,"This sentence has an oatmeal and a baric beach in it."
UV_280,"This sentence has an industry and a plummy turn in it."
UV_281,"This sentence has a class and a writhen appliance in it."
UV_282,"This sentence has a millimeter and a structured cheque in it."
UV_283,"This sentence has a sister-in-law and a flameproof emery in it."
UV_284,"This sentence has a mass and a nettly sleet in it."
UV_285,"This sentence has a direction and a meagre barometer in it."
UV_286,"This sentence has a salary and a spiffing stomach in it."
UV_287,"This sentence has a grade and a viscid print in it."
UV_288,"This sentence has an indonesia and an unarmed motorcycle in it."
UV_289,"This sentence has a crow and a disjoined oil in it."
UV_290,"This sentence has a party and a hearties salesman in it."
UV_291,"This sentence has a minister and a lipless cereal in it."
UV_292,"This sentence has a motorcycle and a knotted broker in it."
UV_293,"This sentence has a basketball and a selfsame bottle in it."
UV_294,"This sentence has a june and a boxlike side in it."
UV_295,"This sentence has a tugboat and a brassy lamp in it."
UV_296,"This sentence has a father-in-law and a nonplussed ear in it."
UV_297,"This sentence has a cactus and an unleased myanmar in it."
UV_298,"This sentence has a hoe and a branchlike oval in it."
UV_299,"This sentence has a computer and a cultish element in it."
UV_300,"This sentence has a chime and a rampant peer-to-peer in it."
UV_301,"This sentence has an industry and a roomy breakfast in it."
UV_302,"This sentence has a shell and a stylized tailor in it."
UV_303,"This sentence has an example and a ruthless parcel in it."
UV_304,"This sentence has a heaven and a pleasing dimple in it."
UV_305,"This sentence has a detail and a hennaed sleet in it."
UV_306,"This sentence has a regret and a pennoned daughter in it."
UV_307,"This sentence has a cattle and an unfanned hexagon in it."
UV_308,"This sentence has an encyclopedia and a plushest mine in it."
UV_309,"This sentence has a layer and a minded aluminum in it."
UV_310,"This sentence has a hand and a labile scanner in it."
UV_311,"This sentence has a measure and a bated point in it."
UV_312,"This sentence has a bonsai and a noisy timpani in it."
UV_313,"This sentence has a dead and a foughten volleyball in it."
UV_314,"This sentence has a twine and a curdy postage in it."
UV_315,"This sentence has a pendulum and a croupous hand in it."
UV_316,"This sentence has a house and a millrun bugle in it."
UV_317,"This sentence has a sister and a pricey ravioli in it."
UV_318,"This sentence has a suit and a glutted dolphin in it."
UV_319,"This sentence has a seed and a direful bulldozer in it."
UV_320,"This sentence has a Monday and a strigose mouth in it."
UV_321,"This sentence has an action and a centered fertilizer in it."
UV_322,"This sentence has a mice and a pongid yew in it."
UV_323,"This sentence has a rose and an abloom ski in it."
UV_324,"This sentence has a camera and a thymic custard in it."
UV_325,"This sentence has a romania and a toughish budget in it."
UV_326,"This sentence has a zinc and a witting clipper in it."
UV_327,"This sentence has a poison and a bassy pheasant in it."
UV_328,"This sentence has a myanmar and a windburned taxicab in it."
UV_329,"This sentence has a clerk and a closer mine in it."
UV_330,"This sentence has a slip and a shipless bamboo in it."
UV_331,"This sentence has a tulip and a contrite screen in it."
UV_332,"This sentence has a centimeter and a deviled bird in it."
UV_333,"This sentence has a comma and a failing tree in it."
UV_334,"This sentence has a laborer and a sluttish cord in it."
UV_335,"This sentence has a stepdaughter and a mizzen shirt in it."
UV_336,"This sentence has a condor and an ashen dipstick in it."
UV_337,"This sentence has a nitrogen and a besprent improvement in it."
UV_338,"This sentence has a state and an asking circle in it."
UV_339,"This sentence has a snowman and a wayless net in it."
UV_340,"This sentence has a walrus and a pawky step-brother in it."
UV_341,"This sentence has a battle and a soli israel in it."
UV_342,"This sentence has a mother and an eighteen alarm in it."
UV_343,"This sentence has a cart and a clayey oatmeal in it."
UV_344,"This sentence has a timbale and a crookback copy in it."
UV_345,"This sentence has a whorl and a mottled gazelle in it."
UV_346,"This sentence has a restaurant and an abstruse yugoslavian in it."
UV_347,"This sentence has a windchime and a wizen trade in it."
UV_348,"This sentence has a shield and a caring pint in it."
UV_349,"This sentence has a relish and a piggie oatmeal in it."
UV_350,"This sentence has a date and a scalelike greece in it."
UV_351,"This sentence has a swim and a crawling wing in it."
UV_352,"This sentence has a breakfast and an okay outrigger in it."
UV_353,"This sentence has a siamese and a testy stranger in it."
UV_354,"This sentence has a balance and a cheeky ghana in it."
UV_355,"This sentence has an aluminum and an olid grandmother in it."
UV_356,"This sentence has a velvet and a breaking cauliflower in it."
UV_357,"This sentence has a language and a spurless cell in it."
UV_358,"This sentence has an attraction and an upstair pelican in it."
UV_359,"This sentence has a football and a hateful trowel in it."
UV_360,"This sentence has an adult and a draughty continent in it."
UV_361,"This sentence has a screw and a plical tray in it."
UV_362,"This sentence has a seal and a singsong creditor in it."
UV_363,"This sentence has a stitch and a phthisic Vietnam in it."
UV_364,"This sentence has a panther and an enforced bath in it."
UV_365,"This sentence has a town and a techy yoke in it."
UV_366,"This sentence has a timbale and a compelled blinker in it."
UV_367,"This sentence has a stop and a vaunted grasshopper in it."
UV_368,"This sentence has a laborer and a hobnailed statement in it."
UV_369,"This sentence has a niece and a cymoid sweatshirt in it."
UV_370,"This sentence has a chief and a stylish pressure in it."
UV_371,"This sentence has a geometry and a matin windshield in it."
UV_372,"This sentence has an orange and an untrue dog in it."
UV_373,"This sentence has a puppy and a teasing sailboat in it."
UV_374,"This sentence has a run and a pokey titanium in it."
UV_375,"This sentence has a daffodil and an unsailed aftershave in it."
UV_376,"This sentence has a bird and a tribal snowflake in it."
UV_377,"This sentence has a border and a chasmic drawer in it."
UV_378,"This sentence has a peripheral and an unfiled drive in it."
UV_379,"This sentence has a cattle and an unkinged ex-wife in it."
UV_380,"This sentence has a century and an uncursed catsup in it."
UV_381,"This sentence has a stocking and a lightsome elbow in it."
UV_382,"This sentence has a poultry and a vagal Saturday in it."
UV_383,"This sentence has a kitchen and a ganoid cancer in it."
UV_384,"This sentence has a shoulder and a gimcrack feast in it."
UV_385,"This sentence has a glockenspiel and a vaunty twilight in it."
UV_386,"This sentence has a fountain and a naggy egypt in it."
UV_387,"This sentence has a feast and a largish mini-skirt in it."
UV_388,"This sentence has a lip and a foamy tin in it."
UV_389,"This sentence has an attention and a ralline chance in it."
UV_390,"This sentence has a burglar and a forespent sweatshirt in it."
UV_391,"This sentence has an anthropology and a singsong jelly in it."
UV_392,"This sentence has a corn and an unhanged toe in it."
UV_393,"This sentence has a reward and a bestial cell in it."
UV_394,"This sentence has a loaf and a hippy romanian in it."
UV_395,"This sentence has a fear and an android drug in it."
UV_396,"This sentence has a wedge and an obliged edger in it."
UV_397,"This sentence has a competitor and a gutta Friday in it."
UV_398,"This sentence has an encyclopedia and an ovate body in it."
UV_399,"This sentence has a bread and a chasmic crocus in it."
UV_400,"This sentence has a reminder and a blackish partridge in it."
UV_401,"This sentence has a literature and a utile house in it."
UV_402,"This sentence has a felony and an unstringed lute in it."
UV_403,"This sentence has a moustache and an unweened education in it."
UV_404,"This sentence has a pink and a spermic walrus in it."
UV_405,"This sentence has a morocco and a commo justice in it."
UV_406,"This sentence has a train and a thyrsoid panty in it."
UV_407,"This sentence has a knee and a lamblike ball in it."
UV_408,"This sentence has a plasterboard and a broguish star in it."
UV_409,"This sentence has a speedboat and a sloshy stinger in it."
UV_410,"This sentence has an olive and a volumed hallway in it."
UV_411,"This sentence has a humor and a wordy license in it."
UV_412,"This sentence has a lier and an unjust jellyfish in it."
UV_413,"This sentence has a dancer and a bellied chord in it."
UV_414,"This sentence has a digital and a surbased machine in it."
UV_415,"This sentence has a trunk and a heartless step-brother in it."
UV_416,"This sentence has a german and a jasp ankle in it."
UV_417,"This sentence has a minister and a joking israel in it."
UV_418,"This sentence has a bill and a broody plier in it."
UV_419,"This sentence has a pyjama and a shoddy quality in it."
UV_420,"This sentence has a find and a consumed kilometer in it."
UV_421,"This sentence has a squid and a flawy yew in it."
UV_422,"This sentence has a story and a broadband mexico in it."
UV_423,"This sentence has a stepson and a pretend enquiry in it."
UV_424,"This sentence has a decade and a steric country in it."
UV_425,"This sentence has a freighter and a submerged timpani in it."
UV_426,"This sentence has a hook and a bounded tower in it."
UV_427,"This sentence has a net and a driest peen in it."
UV_428,"This sentence has an alto and a tinny virgo in it."
UV_429,"This sentence has a peripheral and a scratchless seat in it."
UV_430,"This sentence has a tyvek and a shickered denim in it."
UV_431,"This sentence has a children and an unkissed spy in it."
UV_432,"This sentence has a price and a jumpy balloon in it."
UV_433,"This sentence has a ladybug and a pinkish river in it."
UV_434,"This sentence has a hole and a stubborn burn in it."
UV_435,"This sentence has a chicken and an unmilked sharon in it."
UV_436,"This sentence has a sword and a tireless seal in it."
UV_437,"This sentence has a vulture and a fifteen nose in it."
UV_438,"This sentence has a bowl and a meaty revolve in it."
UV_439,"This sentence has a ferry and a squirmy computer in it."
UV_440,"This sentence has a reading and a copied thought in it."
UV_441,"This sentence has a risk and an unclean database in it."
UV_442,"This sentence has a vault and a premier paperback in it."
UV_443,"This sentence has a jail and a shameful dipstick in it."
UV_444,"This sentence has a camp and a weest dresser in it."
UV_445,"This sentence has a place and a lobose soy in it."
UV_446,"This sentence has a november and a mucid liver in it."
UV_447,"This sentence has a tortoise and a peccant harmony in it."
UV_448,"This sentence has a hamster and an obtuse attic in it."
UV_449,"This sentence has a baseball and a hotter night in it."
UV_450,"This sentence has a room and a dovish crowd in it."
UV_451,"This sentence has a clerk and a festive vision in it."
UV_452,"This sentence has a factory and a dyeline view in it."
UV_453,"This sentence has a trade and a snoopy goose in it."
UV_454,"This sentence has a wing and a noted lotion in it."
UV_455,"This sentence has a men and an acred punch in it."
UV_456,"This sentence has a ceramic and a garish cathedral in it."
UV_457,"This sentence has a dugout and a farming digestion in it."
UV_458,"This sentence has a parenthesis and an unkissed cancer in it."
UV_459,"This sentence has a run and an altern octagon in it."
UV_460,"This sentence has a dinner and a bravest team in it."
UV_461,"This sentence has a Wednesday and an ageing Tuesday in it."
UV_462,"This sentence has a forehead and a waking sky in it."
UV_463,"This sentence has a taxi and an ailing thermometer in it."
UV_464,"This sentence has an aluminium and a sometime beat in it."
UV_465,"This sentence has a thailand and a limbate pepper in it."
UV_466,"This sentence has a rhythm and a guardless cow in it."
UV_467,"This sentence has a trout and a daytime stomach in it."
UV_468,"This sentence has a mountain and a northward buzzard in it."
UV_469,"This sentence has a peer-to-peer and a dam turkey in it."
UV_470,"This sentence has a sheep and a buckram sail in it."
UV_471,"This sentence has a disadvantage and a farci tent in it."
UV_472,"This sentence has a george and a puffy catamaran in it."
UV_473,"This sentence has a sink and a rarer mechanic in it."
UV_474,"This sentence has a morning and an aware worm in it."
UV_475,"This sentence has a dipstick and a restless cent in it."
UV_476,"This sentence has an afterthought and a tactful hat in it."
UV_477,"This sentence has a siberian and a sloping stew in it."
UV_478,"This sentence has a state and an untapped skin in it."
UV_479,"This sentence has an acknowledgment and a lidded snail in it."
UV_480,"This sentence has a pedestrian and a peeling science in it."
UV_481,"This sentence has a taxi and a subtle arrow in it."
UV_482,"This sentence has a bagpipe and a giddy soy in it."
UV_483,"This sentence has a competitor and a chummy industry in it."
UV_484,"This sentence has a bass and a blushless lamb in it."
UV_485,"This sentence has a pharmacist and a mannered bite in it."
UV_486,"This sentence has a planet and a heaving owl in it."
UV_487,"This sentence has a grey and a lengthwise hovercraft in it."
UV_488,"This sentence has a fork and a tactful property in it."
UV_489,"This sentence has a tendency and a utile run in it."
UV_490,"This sentence has a brace and a moony drill in it."
UV_491,"This sentence has a tortellini and a branching elizabeth in it."
UV_492,"This sentence has a cartoon and an enslaved corn in it."
UV_493,"This sentence has a cereal and an upstaged network in it."
UV_494,"This sentence has a low and a seedy condor in it."
UV_495,"This sentence has a report and a seely blue in it."
UV_496,"This sentence has a breath and a spireless garlic in it."
UV_497,"This sentence has a coin and a secure cover in it."
UV_498,"This sentence has an examination and a blending winter in it."
UV_499,"This sentence has a daisy and an unswayed weapon in it."
UV_500,"This sentence has a road and a heinous toy in it."
UV_501,"This sentence has a thunderstorm and a clipping pair in it."
UV_502,"This sentence has a leek and an unstamped pull in it."
UV_503,"This sentence has a stopsign and a constrained helmet in it."
UV_504,"This sentence has a toe and a porky liquid in it."
UV_505,"This sentence has a passenger and an unflushed reduction in it."
UV_506,"This sentence has a duckling and a desired comic in it."
UV_507,"This sentence has a march and an idem ocean in it."
UV_508,"This sentence has a spot and a tongueless increase in it."
UV_509,"This sentence has a call and a lawless prepared in it."
UV_510,"This sentence has a baritone and an azure windscreen in it."
UV_511,"This sentence has an ocelot and a comfy gender in it."
UV_512,"This sentence has a change and a bearlike cowbell in it."
UV_513,"This sentence has a laugh and a swaraj nail in it."
UV_514,"This sentence has a writer and a surfy knife in it."
UV_515,"This sentence has a decrease and a breasted gong in it."
UV_516,"This sentence has a whale and a monarch anteater in it."
UV_517,"This sentence has a goose and a raucous freeze in it."
UV_518,"This sentence has a breakfast and an unbarred blinker in it."
UV_519,"This sentence has a chess and a scratchy airship in it."
UV_520,"This sentence has a thread and a record switch in it."
UV_521,"This sentence has a caution and a dam astronomy in it."
UV_522,"This sentence has a macaroni and a jealous jam in it."
UV_523,"This sentence has a ski and a postponed stinger in it."
UV_524,"This sentence has a brain and a loathful tree in it."
UV_525,"This sentence has a state and an often stool in it."
UV_526,"This sentence has a ronald and a dozenth tea in it."
UV_527,"This sentence has a leg and a snaggy lobster in it."
UV_528,"This sentence has a liquid and an okay ruth in it."
UV_529,"This sentence has a pamphlet and a depraved charles in it."
UV_530,"This sentence has a seagull and a ripping weather in it."
UV_531,"This sentence has a colombia and an unhooped bucket in it."
UV_532,"This sentence has a tadpole and a giving draw in it."
UV_533,"This sentence has a grill and a speckled climb in it."
UV_534,"This sentence has a utensil and a laic eight in it."
UV_535,"This sentence has an argument and a deformed broker in it."
UV_536,"This sentence has a cheetah and a doleful editorial in it."
UV_537,"This sentence has a mail and a vaunting loss in it."
UV_538,"This sentence has a foam and an upstairs grill in it."
UV_539,"This sentence has a hovercraft and a threatful glockenspiel in it."
UV_540,"This sentence has an epoxy and a psycho january in it."
UV_541,"This sentence has a moat and a heartfelt vinyl in it."
UV_542,"This sentence has an attention and a fleckless icicle in it."
UV_543,"This sentence has an effect and a cressy cornet in it."
UV_544,"This sentence has a singer and a rebel mint in it."
UV_545,"This sentence has a key and a fractious attraction in it."
UV_546,"This sentence has a periodical and a mardy politician in it."
UV_547,"This sentence has a ruth and a rousing stopwatch in it."
UV_548,"This sentence has a couch and a surbased cap in it."
UV_549,"This sentence has a reduction and a clausal tuna in it."
UV_550,"This sentence has a period and an unploughed observation in it."
UV_551,"This sentence has a resolution and a dizzied bowl in it."
UV_552,"This sentence has a whorl and an ivied postage in it."
UV_553,"This sentence has a pound and a spoutless gender in it."
UV_554,"This sentence has a pint and a perjured pig in it."
UV_555,"This sentence has a notebook and an unhorsed felony in it."
UV_556,"This sentence has a nose and a faded postbox in it."
UV_557,"This sentence has an armchair and an unblessed religion in it."
UV_558,"This sentence has an eye and a clerkish nest in it."
UV_559,"This sentence has a volleyball and a reviled door in it."
UV_560,"This sentence has a swim and a squeaky sing in it."
UV_561,"This sentence has a dry and a runtish ferry in it."
UV_562,"This sentence has a freon and a traverse mandolin in it."
UV_563,"This sentence has a fedelini and a mansard particle in it."
UV_564,"This sentence has a skin and a churning frame in it."
UV_565,"This sentence has a helmet and a wholesome soprano in it."
UV_566,"This sentence has a pipe and a worthy bed in it."
UV_567,"This sentence has a stage and an unslung soup in it."
UV_568,"This sentence has an interviewer and a friended sun in it."
UV_569,"This sentence has a bone and a torose apology in it."
UV_570,"This sentence has a japanese and a deserved face in it."
UV_571,"This sentence has a shark and a phaseless grill in it."
UV_572,"This sentence has a thing and a fourfold wash in it."
UV_573,"This sentence has a tower and a cracking ant in it."
UV_574,"This sentence has a flare and an uncaught chime in it."
UV_575,"This sentence has a mechanic and a gimlet conga in it."
UV_576,"This sentence has a step-brother and a cliquish maria in it."
UV_577,"This sentence has an order and an averse pansy in it."
UV_578,"This sentence has a Vietnam and a finished instrument in it."
UV_579,"This sentence has a colon and a woodsy selection in it."
UV_580,"This sentence has an overcoat and a quantal icicle in it."
UV_581,"This sentence has a daughter and a napping reindeer in it."
UV_582,"This sentence has a crab and a slapstick comma in it."
UV_583,"This sentence has a trouser and a genteel guilty in it."
UV_584,"This sentence has a weapon and a sandalled drawer in it."
UV_585,"This sentence has a passenger and a shickered goldfish in it."
UV_586,"This sentence has a kevin and a widest clam in it."
UV_587,"This sentence has an anthropology and a breechless robin in it."
UV_588,"This sentence has a pan and a beechen ex-wife in it."
UV_589,"This sentence has a flower and a wayworn gorilla in it."
UV_590,"This sentence has a sofa and a venal back in it."
UV_591,"This sentence has a turkish and an unpicked monkey in it."
UV_592,"This sentence has a population and a slender message in it."
UV_593,"This sentence has a pear and an unroused archeology in it."
UV_594,"This sentence has a cardigan and a thenar chemistry in it."
UV_595,"This sentence has a sing and an unboned taiwan in it."
UV_596,"This sentence has a rugby and a grimmer badger in it."
UV_597,"This sentence has a bubble and an absorbed half-brother in it."
UV_598,"This sentence has a budget and a paneled freezer in it."
UV_599,"This sentence has a feedback and a deserved verdict in it."
UV_600,"This sentence has a process and a labelled archaeology in it."
UV_601,"This sentence has a tile and a serflike age in it."
UV_602,"This sentence has a call and a cervine nic in it."
UV_603,"This sentence has a beetle and a ramose carnation in it."
UV_604,"This sentence has a tile and a concave minute in it."
UV_605,"This sentence has a close and a tippy cowbell in it."
UV_606,"This sentence has a bobcat and an unrubbed smoke in it."
UV_607,"This sentence has an iraq and an unaired archaeology in it."
UV_608,"This sentence has a gas and a tacit weasel in it."
UV_609,"This sentence has a camera and a matey grasshopper in it."
UV_610,"This sentence has a mascara and a fatigued power in it."
UV_611,"This sentence has an option and a yawning acoustic in it."
UV_612,"This sentence has a plantation and a suffused expert in it."
UV_613,"This sentence has a kangaroo and a dorty era in it."
UV_614,"This sentence has a condor and a truncate yew in it."
UV_615,"This sentence has a prosecution and an ebon elephant in it."
UV_616,"This sentence has a look and a bedded examination in it."
UV_617,"This sentence has an iraq and a lithest romanian in it."
UV_618,"This sentence has a node and a cancroid verdict in it."
UV_619,"This sentence has a jaguar and a handed domain in it."
UV_620,"This sentence has a grill and a busied panda in it."
UV_621,"This sentence has a period and a noisome bracket in it."
UV_622,"This sentence has a shop and a roundish aftershave in it."
UV_623,"This sentence has a salmon and a lenis idea in it."
UV_624,"This sentence has a hen and an afraid dolphin in it."
UV_625,"This sentence has a math and an unvexed astronomy in it."
UV_626,"This sentence has a smash and a hyoid defense in it."
UV_627,"This sentence has a narcissus and a clitic giant in it."
UV_628,"This sentence has a liver and an enthralled betty in it."
UV_629,"This sentence has a team and a spathose rabbit in it."
UV_630,"This sentence has a flower and a tarnal airmail in it."
UV_631,"This sentence has a philosophy and a jocose millisecond in it."
UV_632,"This sentence has a whale and a relieved segment in it."
UV_633,"This sentence has a law and a rearmost quarter in it."
UV_634,"This sentence has a pyjama and a fiercer territory in it."
UV_635,"This sentence has a stem and a sluicing current in it."
UV_636,"This sentence has an inch and a zippy pentagon in it."
UV_637,"This sentence has a quotation and a corded religion in it."
UV_638,"This sentence has a change and a littler euphonium in it."
UV_639,"This sentence has a climb and an unhacked cut in it."
UV_640,"This sentence has a leaf and a raffish capricorn in it."
UV_641,"This sentence has a supermarket and a tenty peen in it."
UV_642,"This sentence has a romanian and an unglazed pain in it."
UV_643,"This sentence has an owner and an escaped decimal in it."
UV_644,"This sentence has a teacher and a laky christopher in it."
UV_645,"This sentence has a body and a taboo willow in it."
UV_646,"This sentence has a bacon and an unguessed screw in it."
UV_647,"This sentence has a party and a sweetmeal chance in it."
UV_648,"This sentence has a nail and a cyan gearshift in it."
UV_649,"This sentence has a cabinet and a southmost shadow in it."
UV_650,"This sentence has a request and a cytoid shake in it."
UV_651,"This sentence has a trigonometry and a heedful wash in it."
UV_652,"This sentence has a postbox and an involved software in it."
UV_653,"This sentence has an apple and a keyless key in it."
UV_654,"This sentence has a pine and a germane packet in it."
UV_655,"This sentence has a walrus and a glumpy dad in it."
UV_656,"This sentence has a broker and a kinless pakistan in it."
UV_657,"This sentence has a crab and a godly inch in it."
UV_658,"This sentence has a capricorn and a bordered noodle in it."
UV_659,"This sentence has a creditor and a nerval cd in it."
UV_660,"This sentence has an appendix and a lightish scissor in it."
UV_661,"This sentence has a vacation and an uncleaned dolphin in it."
UV_662,"This sentence has a creditor and a shroudless trout in it."
UV_663,"This sentence has an eggplant and a pinnate cornet in it."
UV_664,"This sentence has a squid and a dopey flower in it."
UV_665,"This sentence has a mosque and a bounded hydrofoil in it."
UV_666,"This sentence has a nail and an ungyved dirt in it."
UV_667,"This sentence has a drop and a purplish shoe in it."
UV_668,"This sentence has an albatross and a beastly effect in it."
UV_669,"This sentence has a withdrawal and a fribble atom in it."
UV_670,"This sentence has a medicine and a sotted rock in it."
UV_671,"This sentence has a growth and a scheming turret in it."
UV_672,"This sentence has a kitten and a glowing hot in it."
UV_673,"This sentence has a health and a thinnish shield in it."
UV_674,"This sentence has a blade and a forehand outrigger in it."
UV_675,"This sentence has a foam and a horal metal in it."
UV_676,"This sentence has a cereal and a slumbrous pair in it."
UV_677,"This sentence has a cardboard and a slummy willow in it."
UV_678,"This sentence has a storm and a fishy crop in it."
UV_679,"This sentence has an equipment and an effuse currency in it."
UV_680,"This sentence has an exchange and a veilless decision in it."
UV_681,"This sentence has a shovel and a chymous save in it."
UV_682,"This sentence has an adult and a rooky consonant in it."
UV_683,"This sentence has a litter and an immersed existence in it."
UV_684,"This sentence has a rocket and a withdrawn danger in it."
UV_685,"This sentence has a gear and an unlit card in it."
UV_686,"This sentence has a wood and an unchaste turkish in it."
UV_687,"This sentence has a light and a schmalzy behavior in it."
UV_688,"This sentence has a zinc and a submerged duck in it."
UV_689,"This sentence has a september and a driest organization in it."
UV_690,"This sentence has a Monday and a thankful hose in it."
UV_691,"This sentence has a lynx and a suchlike israel in it."
UV_692,"This sentence has a sparrow and a rodless tornado in it."
UV_693,"This sentence has a cable and a lotic golf in it."
UV_694,"This sentence has a sort and a bounden fuel in it."
UV_695,"This sentence has an event and a spooky hand in it."
UV_696,"This sentence has a thunderstorm and a bookless porcupine in it."
UV_697,"This sentence has a fiction and a revived eggplant in it."
UV_698,"This sentence has a band and a chordate shelf in it."
UV_699,"This sentence has a chess and an unstrained lycra in it."
UV_700,"This sentence has an earthquake and an agreed glockenspiel in it."
UV_701,"This sentence has a part and a guileful undercloth in it."
UV_702,"This sentence has a billboard and a faithless change in it."
UV_703,"This sentence has a spinach and a chocker eyeliner in it."
UV_704,"This sentence has a periodical and a baser account in it."
UV_705,"This sentence has a chard and a besprent sidewalk in it."
UV_706,"This sentence has a bath and a zonate middle in it."
UV_707,"This sentence has a baritone and a cliffy smell in it."
UV_708,"This sentence has an oatmeal and an unborn broker in it."
UV_709,"This sentence has an interest and a trillionth authority in it."
UV_710,"This sentence has a relish and a crowning step-sister in it."
UV_711,"This sentence has a vegetable and a gooey driver in it."
UV_712,"This sentence has a jump and a cutest surgeon in it."
UV_713,"This sentence has a peru and a pettish prepared in it."
UV_714,"This sentence has a suggestion and a threadbare quiet in it."
UV_715,"This sentence has an organ and a phatic football in it."
UV_716,"This sentence has a grill and a hadal blizzard in it."
UV_717,"This sentence has a song and a strychnic june in it."
UV_718,"This sentence has an appliance and an uncharged arithmetic in it."
UV_719,"This sentence has a flavor and an idled mom in it."
UV_720,"This sentence has a season and a witted bucket in it."
UV_721,"This sentence has a pump and a villose spruce in it."
UV_722,"This sentence has a taurus and a hoven power in it."
UV_723,"This sentence has a dish and an uncaught catsup in it."
UV_724,"This sentence has a connection and a cultic stranger in it."
UV_725,"This sentence has a bongo and a palpate squid in it."
UV_726,"This sentence has a daniel and a tingly butter in it."
UV_727,"This sentence has a dryer and a bridgeless shovel in it."
UV_728,"This sentence has a ton and a goateed college in it."
UV_729,"This sentence has a catsup and a tempered accelerator in it."
UV_730,"This sentence has a witch and a crossbred bone in it."
UV_731,"This sentence has a disadvantage and an errant board in it."
UV_732,"This sentence has a jewel and a pilose payment in it."
UV_733,"This sentence has an index and an abscessed modem in it."
UV_734,"This sentence has a cry and a sphygmoid workshop in it."
UV_735,"This sentence has a dessert and an undressed anatomy in it."
UV_736,"This sentence has a multimedia and an unforged hardware in it."
UV_737,"This sentence has a donna and a bullate stopwatch in it."
UV_738,"This sentence has a month and an undocked certification in it."
UV_739,"This sentence has a Wednesday and a lambdoid hardhat in it."
UV_740,"This sentence has a toast and a beveled activity in it."
UV_741,"This sentence has an opinion and a sinless quarter in it."
UV_742,"This sentence has a baritone and a walnut pastor in it."
UV_743,"This sentence has a karen and a textile internet in it."
UV_744,"This sentence has a gasoline and a scrawly copyright in it."
UV_745,"This sentence has a handball and a nocent patio in it."
UV_746,"This sentence has an ikebana and a surest hood in it."
UV_747,"This sentence has an epoch and a rightward woolen in it."
UV_748,"This sentence has a flugelhorn and a girly laundry in it."
UV_749,"This sentence has a custard and a deject mexico in it."
UV_750,"This sentence has a surgeon and an unpreached judge in it."
UV_751,"This sentence has a string and a brimless destruction in it."
UV_752,"This sentence has a retailer and a montane tom-tom in it."
UV_753,"This sentence has an alloy and a grimmest macaroni in it."
UV_754,"This sentence has an offence and a lawless cupcake in it."
UV_755,"This sentence has a green and a hangdog mine in it."
UV_756,"This sentence has a pond and an icky harp in it."
UV_757,"This sentence has a close and a routed newsstand in it."
UV_758,"This sentence has a breakfast and an audile gallon in it."
UV_759,"This sentence has a link and a matin buzzard in it."
UV_760,"This sentence has a sign and an uncut grey in it."
UV_761,"This sentence has a pvc and a forceless duck in it."
UV_762,"This sentence has a bell and a ductile cactus in it."
UV_763,"This sentence has a castanet and a wrongful act in it."
UV_764,"This sentence has a river and a banal entrance in it."
UV_765,"This sentence has a Friday and a nitid chicory in it."
UV_766,"This sentence has a statistic and a choicer rail in it."
UV_767,"This sentence has a cockroach and a presto spot in it."
UV_768,"This sentence has a glockenspiel and a palmar alcohol in it."
UV_769,"This sentence has a weeder and an aimless taurus in it."
UV_770,"This sentence has a volcano and a larger lock in it."
UV_771,"This sentence has a close and a flamy beard in it."
UV_772,"This sentence has a word and a glossies purpose in it."
UV_773,"This sentence has a card and a mellow quart in it."
UV_774,"This sentence has a zone and a shrewish peak in it."
UV_775,"This sentence has an index and a reptile noise in it."
UV_776,"This sentence has a parrot and a racing undercloth in it."
UV_777,"This sentence has a hammer and an erstwhile bicycle in it."
UV_778,"This sentence has a wire and a seaward oyster in it."
UV_779,"This sentence has an organ and a thirteen pipe in it."
UV_780,"This sentence has a justice and a rugged duckling in it."
UV_781,"This sentence has an insurance and a utile michelle in it."
UV_782,"This sentence has a tyvek and a grubby maria in it."
UV_783,"This sentence has a trouser and a nescient millisecond in it."
UV_784,"This sentence has a shake and a doggish quince in it."
UV_785,"This sentence has a jason and an unguled tempo in it."
UV_786,"This sentence has a weight and a sonsie vision in it."
UV_787,"This sentence has a sudan and a harnessed soup in it."
UV_788,"This sentence has a tiger and a gamesome ornament in it."
UV_789,"This sentence has a juice and a spurless command in it."
UV_790,"This sentence has a rectangle and a fattest leaf in it."
UV_791,"This sentence has a dictionary and an unturfed fireplace in it."
UV_792,"This sentence has a guide and a yogic slave in it."
UV_793,"This sentence has a reason and a peewee lamb in it."
UV_794,"This sentence has a married and a slimy example in it."
UV_795,"This sentence has an antelope and a shamefaced oatmeal in it."
UV_796,"This sentence has an ikebana and a secure verse in it."
UV_797,"This sentence has a feast and a tactful pajama in it."
UV_798,"This sentence has a saxophone and a windy flute in it."
UV_799,"This sentence has a belt and an unasked tenor in it."
UV_800,"This sentence has a butter and a yestern russia in it."
UV_801,"This sentence has a weather and a revived yarn in it."
UV_802,"This sentence has a married and an abreast phone in it."
UV_803,"This sentence has a finger and a cheerly opinion in it."
UV_804,"This sentence has a siamese and a centrist revolver in it."
UV_805,"This sentence has a condor and a swindled fox in it."
UV_806,"This sentence has a walrus and a sprightly phone in it."
UV_807,"This sentence has an employee and a grating laura in it."
UV_808,"This sentence has a pisces and a loveless jasmine in it."
UV_809,"This sentence has a quill and a newborn feet in it."
UV_810,"This sentence has a seat and a furtive dinghy in it."
UV_811,"This sentence has a behavior and an obverse child in it."
UV_812,"This sentence has a peak and a sulky forgery in it."
UV_813,"This sentence has an aquarius and an acrid pyjama in it."
UV_814,"This sentence has a celsius and an oozing case in it."
UV_815,"This sentence has an anthropology and a scutate siberian in it."
UV_816,"This sentence has a gram and a grotty ink in it."
UV_817,"This sentence has a scale and a niggard typhoon in it."
UV_818,"This sentence has a seaplane and a pencilled bakery in it."
UV_819,"This sentence has a step-father and a carping june in it."
UV_820,"This sentence has a thumb and a pinpoint canvas in it."
UV_821,"This sentence has a gram and an unhewn clef in it."
UV_822,"This sentence has a pisces and a righteous watch in it."
UV_823,"This sentence has a celsius and a frisky ash in it."
UV_824,"This sentence has a prose and an unpledged colombia in it."
UV_825,"This sentence has a fridge and a woodless harmony in it."
UV_826,"This sentence has a horse and a frequent sundial in it."
UV_827,"This sentence has a gladiolus and a beastly hood in it."
UV_828,"This sentence has a war and an oafish sack in it."
UV_829,"This sentence has a breath and a darksome c-clamp in it."
UV_830,"This sentence has a hardcover and an engraved dungeon in it."
UV_831,"This sentence has a ladybug and a tricorn cupboard in it."
UV_832,"This sentence has a shrine and a prewar grandson in it."
UV_833,"This sentence has a beard and a cursive biplane in it."
UV_834,"This sentence has an example and a scrambled pumpkin in it."
UV_835,"This sentence has a throat and a chthonic bar in it."
UV_836,"This sentence has a yew and a wiggly composition in it."
UV_837,"This sentence has a route and a tritest innocent in it."
UV_838,"This sentence has a tail and a rattling melody in it."
UV_839,"This sentence has a land and a starlight organisation in it."
UV_840,"This sentence has a relation and a pursy anime in it."
UV_841,"This sentence has a grenade and a fretful alloy in it."
UV_842,"This sentence has a windshield and a troppo character in it."
UV_843,"This sentence has a mayonnaise and a floaty wasp in it."
UV_844,"This sentence has a run and a bendy table in it."
UV_845,"This sentence has a gender and a thrilling kimberly in it."
UV_846,"This sentence has a plantation and a tardy work in it."
UV_847,"This sentence has a female and a lavish tie in it."
UV_848,"This sentence has a double and an outlined carp in it."
UV_849,"This sentence has a pillow and a panzer brown in it."
UV_850,"This sentence has an author and an oldest asterisk in it."
UV_851,"This sentence has a spark and a bedimmed metal in it."
UV_852,"This sentence has a temper and a ternate story in it."
UV_853,"This sentence has a find and a vellum crowd in it."
UV_854,"This sentence has a dinghy and an escaped patient in it."
UV_855,"This sentence has a caption and a skilful badge in it."
UV_856,"This sentence has a database and an inwrought army in it."
UV_857,"This sentence has a draw and a fattest mine in it."
UV_858,"This sentence has a penalty and a bilgy limit in it."
UV_859,"This sentence has a garden and a fuscous pie in it."
UV_860,"This sentence has an april and a fecund rutabaga in it."
UV_861,"This sentence has a cow and a fruity brush in it."
UV_862,"This sentence has a fridge and a gutta pin in it."
UV_863,"This sentence has a step-son and a herbaged astronomy in it."
UV_864,"This sentence has a yogurt and a snaky multi-hop in it."
UV_865,"This sentence has a cast and a postern politician in it."
UV_866,"This sentence has a ski and a lively earthquake in it."
UV_867,"This sentence has a hospital and a cervine bestseller in it."
UV_868,"This sentence has a sign and a voided rock in it."
UV_869,"This sentence has a shallot and a reedy beech in it."
UV_870,"This sentence has a brake and a fitful ptarmigan in it."
UV_871,"This sentence has a resolution and a nifty rat in it."
UV_872,"This sentence has a fir and an agaze smile in it."
UV_873,"This sentence has a handle and a pauseless singer in it."
UV_874,"This sentence has a grill and a sassy alley in it."
UV_875,"This sentence has an adjustment and a mesarch port in it."
UV_876,"This sentence has an outrigger and a soulless alphabet in it."
UV_877,"This sentence has a rock and a smugger snake in it."
UV_878,"This sentence has a daniel and a plashy taste in it."
UV_879,"This sentence has a hamburger and an ocher athlete in it."
UV_880,"This sentence has a dad and an utmost organ in it."
UV_881,"This sentence has a pendulum and a turgent cicada in it."
UV_882,"This sentence has a pruner and a discalced attraction in it."
UV_883,"This sentence has a jennifer and a wannish hawk in it."
UV_884,"This sentence has a mexico and a seamy debtor in it."
UV_885,"This sentence has an adult and a cloying music in it."
UV_886,"This sentence has an accountant and a pungent squid in it."
UV_887,"This sentence has a crocus and a tinhorn methane in it."
UV_888,"This sentence has an algebra and a drafty collar in it."
UV_889,"This sentence has an accordion and a weighted aftershave in it."
UV_890,"This sentence has a tie and a podgy pasta in it."
UV_891,"This sentence has a barometer and a retail toothbrush in it."
UV_892,"This sentence has a crown and a paling nephew in it."
UV_893,"This sentence has a restaurant and a stalworth bulb in it."
UV_894,"This sentence has an air and an unschooled witch in it."
UV_895,"This sentence has a feeling and a tergal ferryboat in it."
UV_896,"This sentence has a loan and a cagy flower in it."
UV_897,"This sentence has a religion and a waning dragonfly in it."
UV_898,"This sentence has a creek and a terbic sail in it."
UV_899,"This sentence has a cafe and a commo cartoon in it."
UV_900,"This sentence has a beard and a rutted question in it."
UV_901,"This sentence has a kick and an unstrung hose in it."
UV_902,"This sentence has a crowd and an unbarred mile in it."
UV_903,"This sentence has a satin and a filose millisecond in it."
UV_904,"This sentence has a walrus and a spatial church in it."
UV_905,"This sentence has a chemistry and a museful kayak in it."
UV_906,"This sentence has a commission and an unbridged kettle in it."
UV_907,"This sentence has a rabbi and a briny bronze in it."
UV_908,"This sentence has a permission and a soppy viscose in it."
UV_909,"This sentence has a keyboard and a karstic polish in it."
UV_910,"This sentence has a step-daughter and a harnessed shelf in it."
UV_911,"This sentence has a hose and an unbred jam in it."
UV_912,"This sentence has a minibus and a wedgy ocelot in it."
UV_913,"This sentence has a cub and a songful side in it."
UV_914,"This sentence has an ambulance and a deathful comma in it."
UV_915,"This sentence has a stock and a cymose soda in it."
UV_916,"This sentence has a wish and a peevish change in it."
UV_917,"This sentence has a node and a strongish toothbrush in it."
UV_918,"This sentence has a kettledrum and a priggish monkey in it."
UV_919,"This sentence has a single and a thyrsoid vinyl in it."
UV_920,"This sentence has a digger and a vestral airmail in it."
UV_921,"This sentence has an owner and a peaceful timbale in it."
UV_922,"This sentence has a wound and a streamy humor in it."
UV_923,"This sentence has a street and a knickered wish in it."
UV_924,"This sentence has a quail and a reckless competitor in it."
UV_925,"This sentence has a chalk and a coastal show in it."
UV_926,"This sentence has a flare and a roomy lyocell in it."
UV_927,"This sentence has a helicopter and an obese home in it."
UV_928,"This sentence has a paperback and a sheathy ethernet in it."
UV_929,"This sentence has a sugar and a freaky beetle in it."
UV_930,"This sentence has a sweater and an unreached damage in it."
UV_931,"This sentence has a clock and a bitchy spot in it."
UV_932,"This sentence has a pajama and a conchal height in it."
UV_933,"This sentence has a beet and a confined age in it."
UV_934,"This sentence has a snake and a headstrong swallow in it."
UV_935,"This sentence has a treatment and a professed asparagus in it."
UV_936,"This sentence has a woolen and a blowsy neon in it."
UV_937,"This sentence has an aquarius and a useless brian in it."
UV_938,"This sentence has an ex-wife and a compelled database in it."
UV_939,"This sentence has a cowbell and a depressed organisation in it."
UV_940,"This sentence has a pastor and an obliged wish in it."
UV_941,"This sentence has a quality and a quinate mouth in it."
UV_942,"This sentence has a shirt and a measured test in it."
UV_943,"This sentence has a detail and an unmarked napkin in it."
UV_944,"This sentence has a stretch and a ribald pasta in it."
UV_945,"This sentence has a cupboard and a lithesome physician in it."
UV_946,"This sentence has a german and a cervid digital in it."
UV_947,"This sentence has a persian and a footsore fired in it."
UV_948,"This sentence has a dibble and a piquant army in it."
UV_949,"This sentence has a feast and a stagy willow in it."
UV_950,"This sentence has a creek and a rasping dragonfly in it."
UV_951,"This sentence has a pyjama and a jestful book in it."
UV_952,"This sentence has a cream and a girlish farmer in it."
UV_953,"This sentence has an afternoon and a devout eagle in it."
UV_954,"This sentence has a plastic and a hyphal cave in it."
UV_955,"This sentence has a passive and an unsaved december in it."
UV_956,"This sentence has a certification and a doited support in it."
UV_957,"This sentence has a hell and a trashy vision in it."
UV_958,"This sentence has a bed and a hasty neck in it."
UV_959,"This sentence has a coal and an unfine sword in it."
UV_960,"This sentence has a shadow and a pauseless stool in it."
UV_961,"This sentence has a note and a weekly difference in it."
UV_962,"This sentence has a ferryboat and an onshore bass in it."
UV_963,"This sentence has a word and a ravaged pail in it."
UV_964,"This sentence has a run and a vengeful valley in it."
UV_965,"This sentence has an eggnog and a sparing spear in it."
UV_966,"This sentence has a soy and a hawklike elizabeth in it."
UV_967,"This sentence has a pail and an unripe expansion in it."
UV_968,"This sentence has a peripheral and a hurtling brake in it."
UV_969,"This sentence has a father and a freeing chocolate in it."
UV_970,"This sentence has an adjustment and a chargeless greece in it."
UV_971,"This sentence has a male and a sometime texture in it."
UV_972,"This sentence has an employee and an unplaced gym in it."
UV_973,"This sentence has a nickel and a bouilli flight in it."
UV_974,"This sentence has a george and an engraved titanium in it."
UV_975,"This sentence has an era and a frenzied Santa in it."
UV_976,"This sentence has an editorial and a sicklied sailboat in it."
UV_977,"This sentence has an innocent and an unpaired part in it."
UV_978,"This sentence has a lightning and a glaring timer in it."
UV_979,"This sentence has a rise and an ago colony in it."
UV_980,"This sentence has a rat and a voided need in it."
UV_981,"This sentence has an end and a rangy clef in it."
UV_982,"This sentence has a tray and a copied step-son in it."
UV_983,"This sentence has a gun and a checky quarter in it."
UV_984,"This sentence has a power and an unplayed worm in it."
UV_985,"This sentence has a sugar and a twaddly mouse in it."
UV_986,"This sentence has a violet and a feral november in it."
UV_987,"This sentence has a pelican and a practised vault in it."
UV_988,"This sentence has a leopard and an unploughed tenor in it."
UV_989,"This sentence has a heat and an unwashed deer in it."
UV_990,"This sentence has a mimosa and a fuzzy withdrawal in it."
UV_991,"This sentence has a dashboard and a couthie catamaran in it."
UV_992,"This sentence has a probation and a xylic mile in it."
UV_993,"This sentence has an oval and a rosy swedish in it."
UV_994,"This sentence has a manicure and a witchy equipment in it."
UV_995,"This sentence has an appliance and a cloggy weight in it."
UV_996,"This sentence has a branch and a rambling drill in it."
UV_997,"This sentence has a denim and an evens berry in it."
UV_998,"This sentence has an appeal and a homeless mosque in it."
UV_999,"This sentence has a hardboard and an umpteenth recess in it."
