UV_1,"This sentence has a drizzle and a southpaw beginner in it."
UV_2,"This sentence has a bagel and a styleless foundation in it."
UV_3,"This sentence has a bridge and a streaming plough in it."
UV_4,"This sentence has a greece and a toothless success in it."
UV_5,"This sentence has an option and a candied work in it."
UV_6,"This sentence has a pisces and a chasseur skill in it."
UV_7,"This sentence has a sausage and a youthful dredger in it."
UV_8,"This sentence has a hoe and a haloid february in it."
UV_9,"This sentence has a connection and a rubbly rotate in it."
UV_10,"This sentence has a transmission and a smitten slip in it."
UV_11,"This sentence has a freon and a snobbish seashore in it."
UV_12,"This sentence has an argentina and a stutter hydrant in it."
UV_13,"This sentence has a fahrenheit and a sphygmoid pruner in it."
UV_14,"This sentence has a bridge and a hornish feedback in it."
UV_15,"This sentence has an italy and a tawie great-grandfather in it."
UV_16,"This sentence has a kitty and a woodless stream in it."
UV_17,"This sentence has a dill and an unplayed tuba in it."
UV_18,"This sentence has a birch and a waney ornament in it."
UV_19,"This sentence has a women and a tensive bull in it."
UV_20,"This sentence has a tent and an unglazed milkshake in it."
UV_21,"This sentence has a crayfish and a tribeless palm in it."
UV_22,"This sentence has a goose and an unscorched dock in it."
UV_23,"This sentence has a seaplane and a primate theater in it."
UV_24,"This sentence has an orchid and a stalky reward in it."
UV_25,"This sentence has a tractor and a highest bass in it."
UV_26,"This sentence has a replace and a mustached manicure in it."
UV_27,"This sentence has a baseball and an unasked cook in it."
UV_28,"This sentence has an airbus and a wrapround pajama in it."
UV_29,"This sentence has a pharmacist and a cliquy sardine in it."
UV_30,"This sentence has a feature and a gainly grip in it."
UV_31,"This sentence has a cub and a tranquil walrus in it."
UV_32,"This sentence has a revolver and an easeful otter in it."
UV_33,"This sentence has a breakfast and an elmy screen in it."
UV_34,"This sentence has a granddaughter and a meaning tanzania in it."
UV_35,"This sentence has a hardware and a constrained bagpipe in it."
UV_36,"This sentence has a separated and a folded liquor in it."
UV_37,"This sentence has a time and a tardy freckle in it."
UV_38,"This sentence has a guarantee and an aftmost dragonfly in it."
UV_39,"This sentence has a gray and a glandered path in it."
UV_40,"This sentence has a tanzania and a clankless hood in it."
UV_41,"This sentence has a newsprint and a jesting quilt in it."
UV_42,"This sentence has a hydrant and a pagan hall in it."
UV_43,"This sentence has a sack and an extrorse barbara in it."
UV_44,"This sentence has an indonesia and a cliquey beautician in it."
UV_45,"This sentence has a multimedia and a hirsute brother-in-law in it."
UV_46,"This sentence has a yoke and a cloudless memory in it."
UV_47,"This sentence has a vulture and a lengthwise mustard in it."
UV_48,"This sentence has a geranium and a grouty field in it."
UV_49,"This sentence has a lift and a stormproof slave in it."
UV_50,"This sentence has a calendar and a couchant litter in it."
UV_51,"This sentence has a fish and an earthen mexico in it."
UV_52,"This sentence has a love and a glassy mechanic in it."
UV_53,"This sentence has an elizabeth and a girly ex-wife in it."
UV_54,"This sentence has a fight and a bumptious salesman in it."
UV_55,"This sentence has a female and an earthen bottle in it."
UV_56,"This sentence has a badger and an observed kimberly in it."
UV_57,"This sentence has a tune and a holmic trip in it."
UV_58,"This sentence has a liver and an agleam development in it."
UV_59,"This sentence has a grouse and a buttocked witness in it."
UV_60,"This sentence has a pediatrician and a stickit dragonfly in it."
UV_61,"This sentence has a dinghy and a smiling Sunday in it."
UV_62,"This sentence has a sugar and a backstage name in it."
UV_63,"This sentence has a motion and a sejant quality in it."
UV_64,"This sentence has a headline and a sideward factory in it."
UV_65,"This sentence has a maraca and a pillaged imprisonment in it."
UV_66,"This sentence has a turtle and a bristly poppy in it."
UV_67,"This sentence has a valley and a molar japanese in it."
UV_68,"This sentence has a tulip and a racing desert in it."
UV_69,"This sentence has a step-brother and a tearing maple in it."
UV_70,"This sentence has a grain and an edgy substance in it."
UV_71,"This sentence has a snow and a nacred surfboard in it."
UV_72,"This sentence has an anethesiologist and a gawsy minibus in it."
UV_73,"This sentence has a hat and a bookish powder in it."
UV_74,"This sentence has a bottle and a fateful wrench in it."
UV_75,"This sentence has a kimberly and a bootleg biology in it."
UV_76,"This sentence has a carbon and a sickly gasoline in it."
UV_77,"This sentence has a bear and a canny lynx in it."
UV_78,"This sentence has a peer-to-peer and a hissing pruner in it."
UV_79,"This sentence has a draw and a here hippopotamus in it."
UV_80,"This sentence has an egg and a sacral coke in it."
UV_81,"This sentence has a titanium and a corded command in it."
UV_82,"This sentence has a verdict and a riming addition in it."
UV_83,"This sentence has a whistle and a clammy lake in it."
UV_84,"This sentence has a bacon and a sportless viola in it."
UV_85,"This sentence has a minute and a patent quill in it."
UV_86,"This sentence has a product and an aslope lawyer in it."
UV_87,"This sentence has a clerk and a brashy kettle in it."
UV_88,"This sentence has an ox and a hefty turret in it."
UV_89,"This sentence has a box and a votive bag in it."
UV_90,"This sentence has a roast and an unfooled alley in it."
UV_91,"This sentence has a swamp and a vinous drop in it."
UV_92,"This sentence has a hill and a bedfast format in it."
UV_93,"This sentence has a lentil and a starless jaguar in it."
UV_94,"This sentence has a road and a piecemeal paste in it."
UV_95,"This sentence has a bulb and a febrile guitar in it."
UV_96,"This sentence has a buffer and a branny yard in it."
UV_97,"This sentence has a hate and a whiny point in it."
UV_98,"This sentence has a jail and a hippest lamb in it."
UV_99,"This sentence has a scissor and a muckle bicycle in it."
