UV_1,"This sentence has a parallelogram and an acold color in it."
UV_2,"This sentence has a snail and an incrust dish in it."
UV_3,"This sentence has a typhoon and a limpid step in it."
UV_4,"This sentence has a fragrance and an unstripped dead in it."
UV_5,"This sentence has a daffodil and an undimmed mall in it."
UV_6,"This sentence has a cream and a stockless kevin in it."
UV_7,"This sentence has a double and a gaudy jaguar in it."
UV_8,"This sentence has an organ and a sonsy mascara in it."
UV_9,"This sentence has a transmission and a ticklish tugboat in it."
UV_10,"This sentence has a society and a shrinelike rayon in it."
UV_11,"This sentence has a mitten and a perished tuna in it."
UV_12,"This sentence has a map and an outsize bail in it."
UV_13,"This sentence has an acoustic and a waxen europe in it."
UV_14,"This sentence has a crop and a trillionth hydrogen in it."
UV_15,"This sentence has a session and a seismal twine in it."
UV_16,"This sentence has a control and a moonlit reminder in it."
UV_17,"This sentence has an aries and a bizarre airport in it."
UV_18,"This sentence has a women and a clogging carpenter in it."
UV_19,"This sentence has a cycle and a scrimpy archeology in it."
UV_20,"This sentence has a suede and a stalky check in it."
UV_21,"This sentence has a letter and a cultrate person in it."
UV_22,"This sentence has a bakery and a draffy year in it."
UV_23,"This sentence has a train and a booted rate in it."
UV_24,"This sentence has a brand and a musty packet in it."
UV_25,"This sentence has a vacation and a moonlit fortnight in it."
UV_26,"This sentence has a sidewalk and a holey thailand in it."
UV_27,"This sentence has a men and a vibrant ceiling in it."
UV_28,"This sentence has a nurse and a stubbled ethiopia in it."
UV_29,"This sentence has a scraper and a bordered grandmother in it."
UV_30,"This sentence has a gray and an imbued jar in it."
UV_31,"This sentence has a jasmine and a scheming alphabet in it."
UV_32,"This sentence has a care and a chevroned fiction in it."
UV_33,"This sentence has a partridge and a fluffy dad in it."
UV_34,"This sentence has a result and an ahorse drug in it."
UV_35,"This sentence has an afternoon and a toward gasoline in it."
UV_36,"This sentence has a cream and a tweedy comb in it."
UV_37,"This sentence has a plastic and an uncaught face in it."
UV_38,"This sentence has a mouse and a scungy chick in it."
UV_39,"This sentence has a crown and a valanced margaret in it."
UV_40,"This sentence has a hubcap and a virgate stepson in it."
UV_41,"This sentence has a beast and a schmaltzy toilet in it."
UV_42,"This sentence has a yugoslavian and a causeless battery in it."
UV_43,"This sentence has a blade and a purblind crocodile in it."
UV_44,"This sentence has a science and an inward celsius in it."
UV_45,"This sentence has an olive and a nifty office in it."
UV_46,"This sentence has a wrench and a forthright show in it."
UV_47,"This sentence has a throat and a pebbly field in it."
UV_48,"This sentence has a pantyhose and a spiffy quilt in it."
UV_49,"This sentence has a sauce and a stabbing rubber in it."
UV_50,"This sentence has a quail and a sluggard america in it."
UV_51,"This sentence has a cream and a salving rest in it."
UV_52,"This sentence has a softball and a gated sign in it."
UV_53,"This sentence has a gram and an outmost algebra in it."
UV_54,"This sentence has an engineer and a squeamish sailor in it."
UV_55,"This sentence has a raincoat and a subdued walrus in it."
UV_56,"This sentence has a citizenship and a pinchbeck dock in it."
UV_57,"This sentence has a level and a battled tin in it."
UV_58,"This sentence has a c-clamp and a widest fired in it."
UV_59,"This sentence has a shampoo and a quinsied poison in it."
UV_60,"This sentence has a mascara and a starry vacation in it."
UV_61,"This sentence has a beggar and a floury nigeria in it."
UV_62,"This sentence has a debtor and a rakehell breakfast in it."
UV_63,"This sentence has a week and a glummer custard in it."
UV_64,"This sentence has a fragrance and a prayerless link in it."
UV_65,"This sentence has an anime and an aswarm pump in it."
UV_66,"This sentence has a trouser and a cooking Monday in it."
UV_67,"This sentence has an anger and a cestoid slash in it."
UV_68,"This sentence has a flood and an oozy freckle in it."
UV_69,"This sentence has a newsstand and a scombroid alto in it."
UV_70,"This sentence has a custard and a millrun single in it."
UV_71,"This sentence has a committee and a waxing japanese in it."
UV_72,"This sentence has a croissant and a spangly cork in it."
UV_73,"This sentence has a policeman and a phrenic waitress in it."
UV_74,"This sentence has an invention and an unwitched blue in it."
UV_75,"This sentence has a camp and a cadgy package in it."
UV_76,"This sentence has a bubble and a hasty printer in it."
UV_77,"This sentence has a hygienic and an outdoor manager in it."
UV_78,"This sentence has an archer and an uncheered call in it."
UV_79,"This sentence has a lunchroom and a wordless veterinarian in it."
UV_80,"This sentence has a fear and a scratchless yellow in it."
UV_81,"This sentence has a linda and an airborne leopard in it."
UV_82,"This sentence has a flute and a plumbless dad in it."
UV_83,"This sentence has a discovery and a frustrate development in it."
UV_84,"This sentence has a hardboard and a wartlike turnover in it."
UV_85,"This sentence has a colombia and a herby piano in it."
UV_86,"This sentence has a yoke and a barefoot text in it."
UV_87,"This sentence has an ocean and a sublimed grape in it."
UV_88,"This sentence has a balinese and a squarrose canvas in it."
UV_89,"This sentence has a baker and a scalene lan in it."
UV_90,"This sentence has a leaf and an ashake battery in it."
UV_91,"This sentence has an owner and a faulty turkey in it."
UV_92,"This sentence has a purple and an uncleared trade in it."
UV_93,"This sentence has a bicycle and a chancy t-shirt in it."
UV_94,"This sentence has a candle and a coccal address in it."
UV_95,"This sentence has a lake and a pinchbeck shrine in it."
UV_96,"This sentence has a nail and an offside hockey in it."
UV_97,"This sentence has a patricia and a novice brake in it."
UV_98,"This sentence has a workshop and a noted attention in it."
UV_99,"This sentence has an anime and an awesome plane in it."
UV_100,"This sentence has a c-clamp and a brainsick loss in it."
UV_101,"This sentence has a separated and a rostral schedule in it."
UV_102,"This sentence has a pond and a hurtless british in it."
UV_103,"This sentence has a behavior and a jungly captain in it."
UV_104,"This sentence has a pair of shorts and a sexless typhoon in it."
UV_105,"This sentence has a gym and a systemless crop in it."
UV_106,"This sentence has a tune and a volant august in it."
UV_107,"This sentence has a cub and a hopeful badger in it."
UV_108,"This sentence has a magic and a wakeless font in it."
UV_109,"This sentence has a plastic and a khaki spandex in it."
UV_110,"This sentence has a sword and an unclogged specialist in it."
UV_111,"This sentence has a beech and a rubied sunflower in it."
UV_112,"This sentence has a badger and a moonish system in it."
UV_113,"This sentence has a recess and an incurved meter in it."
UV_114,"This sentence has a cardigan and a legless fall in it."
UV_115,"This sentence has a competition and a failing secure in it."
UV_116,"This sentence has a winter and a skinny great-grandmother in it."
UV_117,"This sentence has a trapezoid and an effluent begonia in it."
UV_118,"This sentence has a rake and an eighty retailer in it."
UV_119,"This sentence has a design and an ungrudged straw in it."
UV_120,"This sentence has a start and a healthful call in it."
UV_121,"This sentence has a blinker and a mingy george in it."
UV_122,"This sentence has a toast and a stopless writer in it."
UV_123,"This sentence has a fisherman and a gewgaw flute in it."
UV_124,"This sentence has a girl and a gawky antelope in it."
UV_125,"This sentence has a fertilizer and an unchained middle in it."
UV_126,"This sentence has a vermicelli and an unwept maid in it."
UV_127,"This sentence has a glove and a woaded permission in it."
UV_128,"This sentence has a furniture and a surly pizza in it."
UV_129,"This sentence has a multi-hop and a chthonic riverbed in it."
UV_130,"This sentence has a dibble and a fragrant jury in it."
UV_131,"This sentence has a policeman and a berserk washer in it."
UV_132,"This sentence has a kale and a schizoid utensil in it."
UV_133,"This sentence has a pear and a pimpled camp in it."
UV_134,"This sentence has a denim and an endarch organization in it."
UV_135,"This sentence has an arithmetic and a sinless chair in it."
UV_136,"This sentence has a screwdriver and a juiceless list in it."
UV_137,"This sentence has a step-grandmother and a themeless dinosaur in it."
UV_138,"This sentence has a swallow and an unchaste lunchroom in it."
UV_139,"This sentence has a beam and a squeaky defense in it."
UV_140,"This sentence has a flat and a needless treatment in it."
UV_141,"This sentence has an anthony and an abuzz laundry in it."
UV_142,"This sentence has a leopard and a stellate light in it."
UV_143,"This sentence has a brother-in-law and a ritzy trick in it."
UV_144,"This sentence has a hell and a cornered female in it."
UV_145,"This sentence has a leek and an afeared freeze in it."
UV_146,"This sentence has a cloth and a rollneck clef in it."
UV_147,"This sentence has a step-grandfather and a lightsome rabbi in it."
UV_148,"This sentence has a temple and a sorest comb in it."
UV_149,"This sentence has an edger and a harnessed football in it."
UV_150,"This sentence has a manicure and a haggish archer in it."
UV_151,"This sentence has a sail and a canine lettuce in it."
UV_152,"This sentence has an oval and a blissful smoke in it."
UV_153,"This sentence has a rise and a shelly limit in it."
UV_154,"This sentence has a Wednesday and a luscious sister-in-law in it."
UV_155,"This sentence has an accountant and a calmy vegetarian in it."
UV_156,"This sentence has a bite and a lated node in it."
UV_157,"This sentence has an acrylic and a jointured form in it."
UV_158,"This sentence has a butane and a spoutless japan in it."
UV_159,"This sentence has a timer and an offhand panda in it."
UV_160,"This sentence has a pisces and a sparkless swamp in it."
UV_161,"This sentence has a dinosaur and a jointed signature in it."
UV_162,"This sentence has a crab and a holmic romanian in it."
UV_163,"This sentence has a nepal and a clouded preface in it."
UV_164,"This sentence has a poultry and a snobbish scent in it."
UV_165,"This sentence has a hacksaw and an incised thermometer in it."
UV_166,"This sentence has an octopus and an untrod police in it."
UV_167,"This sentence has a top and a cozy downtown in it."
UV_168,"This sentence has a death and a pretend peru in it."
UV_169,"This sentence has an ethiopia and an elect jute in it."
UV_170,"This sentence has an operation and a pupal skate in it."
UV_171,"This sentence has a brow and a bratty tortellini in it."
UV_172,"This sentence has a bonsai and a hasty clover in it."
UV_173,"This sentence has a block and a cerise rod in it."
UV_174,"This sentence has a crook and a defined tendency in it."
UV_175,"This sentence has a paint and a classless swing in it."
UV_176,"This sentence has a snowboard and a snoring shell in it."
UV_177,"This sentence has a toast and a tearing geranium in it."
UV_178,"This sentence has a tuna and a flukey afternoon in it."
UV_179,"This sentence has a paint and a sixty palm in it."
UV_180,"This sentence has a dragonfly and a silenced vacuum in it."
UV_181,"This sentence has a sprout and a sternal link in it."
UV_182,"This sentence has a liver and a holmic saw in it."
UV_183,"This sentence has a walrus and an unsoiled afternoon in it."
UV_184,"This sentence has a turkey and a quadric deer in it."
UV_185,"This sentence has a billboard and an adscript cotton in it."
UV_186,"This sentence has a susan and a naggy motorcycle in it."
UV_187,"This sentence has a clutch and a confirmed notebook in it."
UV_188,"This sentence has a tabletop and an unwarned barometer in it."
UV_189,"This sentence has a scorpio and a wieldy pisces in it."
UV_190,"This sentence has a lipstick and a plaintive dietician in it."
UV_191,"This sentence has a millisecond and an unpleased keyboard in it."
UV_192,"This sentence has a plane and a record link in it."
UV_193,"This sentence has a flat and a sextan textbook in it."
UV_194,"This sentence has a responsibility and a fatless rose in it."
UV_195,"This sentence has a jennifer and an unused stinger in it."
UV_196,"This sentence has an oxygen and a harlot tempo in it."
UV_197,"This sentence has a taste and a yawning pastor in it."
UV_198,"This sentence has a pheasant and a longsome flute in it."
UV_199,"This sentence has a search and a prolate men in it."
UV_200,"This sentence has a boy and a squamous bassoon in it."
UV_201,"This sentence has a crawdad and an unreaped door in it."
UV_202,"This sentence has a cabbage and a punctured halibut in it."
UV_203,"This sentence has a van and a shelly machine in it."
UV_204,"This sentence has a latex and a confined barbara in it."
UV_205,"This sentence has a tuna and a tartish ceiling in it."
UV_206,"This sentence has a hair and a gnomic partridge in it."
UV_207,"This sentence has a freeze and an agape cross in it."
UV_208,"This sentence has a crook and a terete debtor in it."
UV_209,"This sentence has a middle and a pan napkin in it."
UV_210,"This sentence has a sardine and a tombless stepson in it."
UV_211,"This sentence has a roll and a speckled person in it."
UV_212,"This sentence has a cylinder and a controlled cable in it."
UV_213,"This sentence has a bed and a spiral flag in it."
UV_214,"This sentence has a tongue and a reborn bean in it."
UV_215,"This sentence has a richard and a flabby turnip in it."
UV_216,"This sentence has a rectangle and a squamate maria in it."
UV_217,"This sentence has a pot and a scientific fuel in it."
UV_218,"This sentence has an emery and an untrue bakery in it."
UV_219,"This sentence has a chin and a kinglike ATM in it."
UV_220,"This sentence has an insect and a grasping carrot in it."
UV_221,"This sentence has a jute and a fattest close in it."
UV_222,"This sentence has a manicure and an unfair fur in it."
UV_223,"This sentence has a quill and a liny plastic in it."
UV_224,"This sentence has a mosque and a baneful korean in it."
UV_225,"This sentence has a toilet and a moonless park in it."
UV_226,"This sentence has a maid and a slumbrous park in it."
UV_227,"This sentence has a millisecond and a cloying sampan in it."
UV_228,"This sentence has an arm and a starless helmet in it."
UV_229,"This sentence has a waitress and a speedless architecture in it."
UV_230,"This sentence has an insect and a flatling trip in it."
UV_231,"This sentence has a watch and a plosive math in it."
UV_232,"This sentence has a drop and a nonstick periodical in it."
UV_233,"This sentence has a linen and a clinquant thing in it."
UV_234,"This sentence has a tuna and an unbought lightning in it."
UV_235,"This sentence has a cellar and a slangy pot in it."
UV_236,"This sentence has a page and a cancrine grandfather in it."
UV_237,"This sentence has a squirrel and a topless adult in it."
UV_238,"This sentence has a cement and a ternate cupcake in it."
UV_239,"This sentence has a cat and a piggish ferry in it."
UV_240,"This sentence has a cement and a sulkies summer in it."
UV_241,"This sentence has a watch and an unscoured coach in it."
UV_242,"This sentence has a gateway and a hearties kangaroo in it."
UV_243,"This sentence has a nancy and a supple sundial in it."
UV_244,"This sentence has a shirt and an alloyed underwear in it."
UV_245,"This sentence has a nose and a yonder area in it."
UV_246,"This sentence has a brian and a heartfelt sampan in it."
UV_247,"This sentence has a tornado and a basic flame in it."
UV_248,"This sentence has a lyric and a tonish history in it."
UV_249,"This sentence has a playground and a fingered letter in it."
UV_250,"This sentence has a name and a frenzied raven in it."
UV_251,"This sentence has a steam and a distilled mitten in it."
UV_252,"This sentence has a sharon and a mounted motorboat in it."
UV_253,"This sentence has a report and a famished brick in it."
UV_254,"This sentence has an edge and a pinchbeck farm in it."
UV_255,"This sentence has a washer and a terrene justice in it."
UV_256,"This sentence has a rabbit and a cutcha volleyball in it."
UV_257,"This sentence has an attempt and a bractless perch in it."
UV_258,"This sentence has a water and a loathly gemini in it."
UV_259,"This sentence has a side and a snazzy pain in it."
UV_260,"This sentence has an angora and a globoid daisy in it."
UV_261,"This sentence has a verse and an unscarred step-sister in it."
UV_262,"This sentence has a temper and a dewlapped knight in it."
UV_263,"This sentence has a half-sister and a rammish goat in it."
UV_264,"This sentence has a cd and an aggrieved appendix in it."
UV_265,"This sentence has a cyclone and a bulbar error in it."
UV_266,"This sentence has a bit and a rainless taiwan in it."
UV_267,"This sentence has a porch and a profuse plier in it."
UV_268,"This sentence has a cream and a misproud drawer in it."
UV_269,"This sentence has a value and an unrubbed advantage in it."
UV_270,"This sentence has a battery and a grateful enquiry in it."
UV_271,"This sentence has an aluminium and an antique case in it."
UV_272,"This sentence has a europe and a stickit sign in it."
UV_273,"This sentence has an evening and a sluttish protest in it."
UV_274,"This sentence has a cheetah and a weathered knot in it."
UV_275,"This sentence has a back and an infirm lunge in it."
UV_276,"This sentence has a salary and a plantless course in it."
UV_277,"This sentence has an idea and a flabby collision in it."
UV_278,"This sentence has a meteorology and a disjoined manicure in it."
UV_279,"This sentence has a rabbi and a baldish pocket in it."
UV_280,"This sentence has a spot and a silvern dietician in it."
UV_281,"This sentence has an underpant and an unbreathed wrinkle in it."
UV_282,"This sentence has a geese and a lifeless peak in it."
UV_283,"This sentence has an ophthalmologist and a strongish decrease in it."
UV_284,"This sentence has a seashore and a painful bladder in it."
UV_285,"This sentence has an attraction and a snider rise in it."
UV_286,"This sentence has a ghana and a lucid mountain in it."
UV_287,"This sentence has a rock and an alert algebra in it."
UV_288,"This sentence has a ticket and a stumpy stamp in it."
UV_289,"This sentence has a tomato and a kinglike pyjama in it."
UV_290,"This sentence has a flame and a vespine softdrink in it."
UV_291,"This sentence has a hell and a maddest peanut in it."
UV_292,"This sentence has a sponge and an incog broker in it."
UV_293,"This sentence has a clock and a sicker minibus in it."
UV_294,"This sentence has a crib and a homelike buzzard in it."
UV_295,"This sentence has a cap and a hyphal supermarket in it."
UV_296,"This sentence has an abyssinian and a zincous bank in it."
UV_297,"This sentence has a picture and an unfunded house in it."
UV_298,"This sentence has a step-uncle and a precast apparatus in it."
UV_299,"This sentence has a radish and a loosest maria in it."
UV_300,"This sentence has a lute and an unshut pimple in it."
UV_301,"This sentence has a ferryboat and a knightly sing in it."
UV_302,"This sentence has a stock and a palest burn in it."
UV_303,"This sentence has a mirror and a mannered helicopter in it."
UV_304,"This sentence has a wall and a pointless sun in it."
UV_305,"This sentence has a trowel and a visaged level in it."
UV_306,"This sentence has a sunshine and a fulsome trombone in it."
UV_307,"This sentence has a cub and a hungry bronze in it."
UV_308,"This sentence has a ground and a mannish grape in it."
UV_309,"This sentence has a chess and a chilly whip in it."
UV_310,"This sentence has a battle and a solute shield in it."
UV_311,"This sentence has a raft and a buccal tractor in it."
UV_312,"This sentence has a spade and a passant dugout in it."
UV_313,"This sentence has a spinach and a tinsel distributor in it."
UV_314,"This sentence has a view and a twenty apple in it."
UV_315,"This sentence has a yak and a searching eyelash in it."
UV_316,"This sentence has a yarn and a conchate multimedia in it."
UV_317,"This sentence has a business and an unfeared butane in it."
UV_318,"This sentence has a battery and an earthly report in it."
UV_319,"This sentence has an octopus and a catchweight scorpion in it."
UV_320,"This sentence has a cocoa and an exhaled hourglass in it."
UV_321,"This sentence has a kangaroo and a hairless camp in it."
UV_322,"This sentence has an anthony and a bosom pond in it."
UV_323,"This sentence has a nylon and a fungoid suggestion in it."
UV_324,"This sentence has a scissor and a pollened mirror in it."
UV_325,"This sentence has an equinox and an incult zinc in it."
UV_326,"This sentence has a multi-hop and a writhen protest in it."
UV_327,"This sentence has a bell and a stemless apple in it."
UV_328,"This sentence has a beast and an eightfold olive in it."
UV_329,"This sentence has a streetcar and a stylised peak in it."
UV_330,"This sentence has a dirt and a wayless cracker in it."
UV_331,"This sentence has an overcoat and a broadside energy in it."
UV_332,"This sentence has a cancer and a podgy agenda in it."
UV_333,"This sentence has a caravan and a tingly chef in it."
UV_334,"This sentence has a twist and a hurtling port in it."
UV_335,"This sentence has a fine and an estrous jumbo in it."
UV_336,"This sentence has a carrot and a spoony rock in it."
UV_337,"This sentence has an ant and a correct innocent in it."
UV_338,"This sentence has a competitor and an ungirthed ophthalmologist in it."
UV_339,"This sentence has a shield and a musing plow in it."
UV_340,"This sentence has a custard and a sizy salmon in it."
UV_341,"This sentence has an anime and a prepense nigeria in it."
UV_342,"This sentence has a purple and a dermic discussion in it."
UV_343,"This sentence has a permission and a maddest grouse in it."
UV_344,"This sentence has a vacation and a chemic coach in it."
UV_345,"This sentence has a lotion and an eccrine dresser in it."
UV_346,"This sentence has a lilac and a tamer attempt in it."
UV_347,"This sentence has a visitor and a netted mist in it."
UV_348,"This sentence has a watch and an away overcoat in it."
UV_349,"This sentence has an octave and a dextral modem in it."
UV_350,"This sentence has a soup and a chapeless anime in it."
UV_351,"This sentence has a lyocell and a messier withdrawal in it."
UV_352,"This sentence has a religion and an aglow sword in it."
UV_353,"This sentence has a punishment and a pyoid thought in it."
UV_354,"This sentence has a stopsign and a hueless turkey in it."
UV_355,"This sentence has a kenya and a secund slime in it."
UV_356,"This sentence has a cactus and a snidest november in it."
UV_357,"This sentence has a foot and a leaden pentagon in it."
UV_358,"This sentence has an eel and a spangly loss in it."
UV_359,"This sentence has a dirt and a rascal windscreen in it."
UV_360,"This sentence has a shake and a fading neck in it."
UV_361,"This sentence has a good-bye and a spathose sugar in it."
UV_362,"This sentence has a mexico and a pennoned digestion in it."
UV_363,"This sentence has a family and an unweighed earth in it."
UV_364,"This sentence has a gram and a scrawny france in it."
UV_365,"This sentence has a pollution and an inrush gemini in it."
UV_366,"This sentence has a lake and a leaning paperback in it."
UV_367,"This sentence has a hippopotamus and a sportless holiday in it."
UV_368,"This sentence has a wire and a dumbstruck radiator in it."
UV_369,"This sentence has a metal and a cruder measure in it."
UV_370,"This sentence has a parenthesis and a fubsy atom in it."
UV_371,"This sentence has a produce and a lathy signature in it."
UV_372,"This sentence has a college and a disliked snowstorm in it."
UV_373,"This sentence has a stopsign and a jugate leek in it."
UV_374,"This sentence has a structure and a needless sword in it."
UV_375,"This sentence has a jaw and a slippy billboard in it."
UV_376,"This sentence has a parent and a haemic trumpet in it."
UV_377,"This sentence has a reward and a guileless memory in it."
UV_378,"This sentence has an acoustic and a ninety beaver in it."
UV_379,"This sentence has a scorpion and an amazed dream in it."
UV_380,"This sentence has a sale and a tripping respect in it."
UV_381,"This sentence has a purchase and a beating fertilizer in it."
UV_382,"This sentence has a shirt and a looser home in it."
UV_383,"This sentence has a plastic and a stalwart cotton in it."
UV_384,"This sentence has a crack and a satem swing in it."
UV_385,"This sentence has an australian and a chasmal pair of pants in it."
UV_386,"This sentence has an attention and a snotty cherry in it."
UV_387,"This sentence has a fisherman and a waggly conifer in it."
UV_388,"This sentence has a time and an uncashed soldier in it."
UV_389,"This sentence has a staircase and a hoofless refund in it."
UV_390,"This sentence has a temple and a churchward dimple in it."
UV_391,"This sentence has a kite and a pardine jury in it."
UV_392,"This sentence has a bean and a panzer vise in it."
UV_393,"This sentence has a mouth and an unculled birthday in it."
UV_394,"This sentence has a jaguar and a regnal addition in it."
UV_395,"This sentence has a direction and an unheard cuticle in it."
UV_396,"This sentence has a fish and a widest waiter in it."
UV_397,"This sentence has an edward and an ungorged water in it."
UV_398,"This sentence has a maraca and an abloom worm in it."
UV_399,"This sentence has a trigonometry and a skittish line in it."
UV_400,"This sentence has a peanut and a handless newsprint in it."
UV_401,"This sentence has a congo and an ingrain sky in it."
UV_402,"This sentence has a mark and an unschooled lentil in it."
UV_403,"This sentence has a protest and a whilom message in it."
UV_404,"This sentence has a macrame and a primate department in it."
UV_405,"This sentence has a clef and a fleeing station in it."
UV_406,"This sentence has a toast and a plastered message in it."
UV_407,"This sentence has a conifer and a rindy earthquake in it."
UV_408,"This sentence has a mother-in-law and a conferred mosque in it."
UV_409,"This sentence has a men and a fictile james in it."
UV_410,"This sentence has a spade and a stumbling fuel in it."
UV_411,"This sentence has a preface and an oscine celery in it."
UV_412,"This sentence has an australia and an agone baboon in it."
UV_413,"This sentence has a sea and a runtish war in it."
UV_414,"This sentence has a pump and a maigre retailer in it."
UV_415,"This sentence has an increase and a primate battery in it."
UV_416,"This sentence has a hope and a monger journey in it."
UV_417,"This sentence has a mosquito and a potty department in it."
UV_418,"This sentence has a hawk and a sideling part in it."
UV_419,"This sentence has a reading and an unturned pepper in it."
UV_420,"This sentence has a sandwich and a graceless mexico in it."
UV_421,"This sentence has a mailman and a tearful brother-in-law in it."
UV_422,"This sentence has a hen and a wakeful person in it."
UV_423,"This sentence has a cirrus and a freebie lyre in it."
UV_424,"This sentence has a cauliflower and an often class in it."
UV_425,"This sentence has a potato and an unhooped great-grandfather in it."
UV_426,"This sentence has a thunder and a roseless sunshine in it."
UV_427,"This sentence has a carrot and a prowessed approval in it."
UV_428,"This sentence has a william and a handmade hyacinth in it."
UV_429,"This sentence has a skate and a contrite harmony in it."
UV_430,"This sentence has a brother-in-law and a jubate tail in it."
UV_431,"This sentence has a frame and an eely command in it."
UV_432,"This sentence has a siamese and a geegaw supply in it."
UV_433,"This sentence has a cake and an oarless push in it."
UV_434,"This sentence has a hill and a liney sidewalk in it."
UV_435,"This sentence has a tin and a scirrhous craftsman in it."
UV_436,"This sentence has a glider and a dewlapped behavior in it."
UV_437,"This sentence has a printer and a droning unshielded in it."
UV_438,"This sentence has a tuna and a glossy viscose in it."
UV_439,"This sentence has a bat and a squeaky seal in it."
UV_440,"This sentence has a microwave and a lucent sound in it."
UV_441,"This sentence has a fortnight and an effete alto in it."
UV_442,"This sentence has an india and an eighteenth seat in it."
UV_443,"This sentence has a language and a bratty chronometer in it."
UV_444,"This sentence has a regret and a lettered bookcase in it."
UV_445,"This sentence has a bankbook and a quiet kite in it."
UV_446,"This sentence has a yarn and an untracked french in it."
UV_447,"This sentence has a sail and a brainless corn in it."
UV_448,"This sentence has a shadow and a measly bottle in it."
UV_449,"This sentence has a night and a timbered spark in it."
UV_450,"This sentence has a produce and a hangdog rainstorm in it."
UV_451,"This sentence has an otter and an afoul lip in it."
UV_452,"This sentence has a rub and a pensive cougar in it."
UV_453,"This sentence has a straw and a serflike father-in-law in it."
UV_454,"This sentence has a wrinkle and a plaided death in it."
UV_455,"This sentence has an argument and a bawdy lynx in it."
UV_456,"This sentence has a pancreas and a seedy wrecker in it."
UV_457,"This sentence has a coal and an amber rat in it."
UV_458,"This sentence has a month and a whacky crook in it."
UV_459,"This sentence has a toothbrush and a farand son in it."
UV_460,"This sentence has a swiss and a finer screen in it."
UV_461,"This sentence has a magic and a torpid china in it."
UV_462,"This sentence has a risk and a lightsome reminder in it."
UV_463,"This sentence has a bird and a gainless loss in it."
UV_464,"This sentence has a latex and an unraised pvc in it."
UV_465,"This sentence has a linen and an unstirred cormorant in it."
UV_466,"This sentence has a pimple and an unclutched turnover in it."
UV_467,"This sentence has an appendix and a fireproof cockroach in it."
UV_468,"This sentence has a front and a lonesome weed in it."
UV_469,"This sentence has a soy and a thenar caution in it."
UV_470,"This sentence has a cry and a leady pediatrician in it."
UV_471,"This sentence has a decade and a corking rest in it."
UV_472,"This sentence has a trowel and a vibrant grandson in it."
UV_473,"This sentence has a purchase and an afraid dimple in it."
UV_474,"This sentence has an appliance and a thudding alphabet in it."
UV_475,"This sentence has a boy and a handmade description in it."
UV_476,"This sentence has a bread and a verbose database in it."
UV_477,"This sentence has a grouse and a coated hemp in it."
UV_478,"This sentence has a walrus and a dreamy coil in it."
UV_479,"This sentence has a field and a thoughtful prison in it."
UV_480,"This sentence has a laura and a gleesome freeze in it."
UV_481,"This sentence has an apology and an ashamed comic in it."
UV_482,"This sentence has a booklet and a trashy tempo in it."
UV_483,"This sentence has a cauliflower and a patchy share in it."
UV_484,"This sentence has a banjo and a clustered state in it."
UV_485,"This sentence has an ease and a bumpy garlic in it."
UV_486,"This sentence has a transport and a mousy pasta in it."
UV_487,"This sentence has a smell and a pimply ocelot in it."
UV_488,"This sentence has a ticket and a jazzy onion in it."
UV_489,"This sentence has a teacher and a rutty rhinoceros in it."
UV_490,"This sentence has a hole and a rudish spot in it."
UV_491,"This sentence has a ground and a complete patient in it."
UV_492,"This sentence has a need and a longish night in it."
UV_493,"This sentence has a barge and a stroppy larch in it."
UV_494,"This sentence has an america and a taboo parade in it."
UV_495,"This sentence has a screw and a chalky year in it."
UV_496,"This sentence has a disgust and a feral smile in it."
UV_497,"This sentence has a congo and a quippish roof in it."
UV_498,"This sentence has a part and a hotting russian in it."
UV_499,"This sentence has a comfort and a hefty harmonica in it."
UV_500,"This sentence has a noise and a truthless asterisk in it."
UV_501,"This sentence has a whorl and a stealthy weather in it."
UV_502,"This sentence has a substance and a putrid kettledrum in it."
UV_503,"This sentence has a whip and a somber playground in it."
UV_504,"This sentence has a cricket and a likely porch in it."
UV_505,"This sentence has a tortoise and a pitted dress in it."
UV_506,"This sentence has a camera and a dispersed seaplane in it."
UV_507,"This sentence has a guatemalan and an undrawn supply in it."
UV_508,"This sentence has a dinosaur and a drowsy shame in it."
UV_509,"This sentence has an energy and a screwy trick in it."
UV_510,"This sentence has a digger and a centred swordfish in it."
UV_511,"This sentence has an english and a frontless authority in it."
UV_512,"This sentence has a copy and a trivalve taxicab in it."
UV_513,"This sentence has a mimosa and a shifty beaver in it."
UV_514,"This sentence has a bankbook and a pillared handle in it."
UV_515,"This sentence has a ferryboat and a stemless land in it."
UV_516,"This sentence has a surfboard and a tingly bass in it."
UV_517,"This sentence has a squash and a verbose russian in it."
UV_518,"This sentence has a cord and a bemazed mist in it."
UV_519,"This sentence has a hail and a bandaged sweatshirt in it."
UV_520,"This sentence has an energy and a distyle volleyball in it."
UV_521,"This sentence has a bit and a bloodshot chord in it."
UV_522,"This sentence has a need and a gracile supply in it."
UV_523,"This sentence has a hand and a nervy governor in it."
UV_524,"This sentence has a mailman and a fineable territory in it."
UV_525,"This sentence has a boot and a cymose thrill in it."
UV_526,"This sentence has a statement and a pyoid sundial in it."
UV_527,"This sentence has a wine and a ritzy denim in it."
UV_528,"This sentence has a roll and a wheezing dictionary in it."
UV_529,"This sentence has a meat and a largest owner in it."
UV_530,"This sentence has a sword and a mongrel hill in it."
UV_531,"This sentence has a lunchroom and a louring blanket in it."
UV_532,"This sentence has a brow and a fated lan in it."
UV_533,"This sentence has an ash and a villous servant in it."
UV_534,"This sentence has a camp and an idled school in it."
UV_535,"This sentence has a swim and a quantal trial in it."
UV_536,"This sentence has a rectangle and a clovered russia in it."
UV_537,"This sentence has a seashore and a leftward throne in it."
UV_538,"This sentence has a crook and an unclear climb in it."
UV_539,"This sentence has a cord and a tarry thermometer in it."
UV_540,"This sentence has a drill and an untaught feedback in it."
UV_541,"This sentence has a rifle and a nested field in it."
UV_542,"This sentence has a start and a lidded typhoon in it."
UV_543,"This sentence has an ox and a dighted sprout in it."
UV_544,"This sentence has a defense and a mundane forehead in it."
UV_545,"This sentence has an alley and an unblamed willow in it."
UV_546,"This sentence has a ramie and a tandem Monday in it."
UV_547,"This sentence has a jellyfish and a sinning billboard in it."
UV_548,"This sentence has an ethiopia and a jugal illegal in it."
UV_549,"This sentence has a spear and a chokey milk in it."
UV_550,"This sentence has a tomato and an edging pink in it."
UV_551,"This sentence has a carol and a snazzy thrill in it."
UV_552,"This sentence has a crayon and a snazzy dragonfly in it."
UV_553,"This sentence has a toy and a here hardhat in it."
UV_554,"This sentence has a texture and an adust locust in it."
UV_555,"This sentence has a whorl and a saltish lunge in it."
UV_556,"This sentence has a harmonica and an uncleaned paperback in it."
UV_557,"This sentence has an australian and an emptied anger in it."
UV_558,"This sentence has a maria and a spermic light in it."
UV_559,"This sentence has a lift and a lobose tooth in it."
UV_560,"This sentence has a noodle and an undecked plasterboard in it."
UV_561,"This sentence has a euphonium and a lacy oboe in it."
UV_562,"This sentence has a friend and a financed dancer in it."
UV_563,"This sentence has a battery and a toneless window in it."
UV_564,"This sentence has an address and a misformed couch in it."
UV_565,"This sentence has a wren and a scarcest pelican in it."
UV_566,"This sentence has a birthday and a flinty transmission in it."
UV_567,"This sentence has a storm and an uncombed meal in it."
UV_568,"This sentence has a diploma and a jiggered book in it."
UV_569,"This sentence has a sweatshop and a branchlike harmony in it."
UV_570,"This sentence has a journey and a robust goal in it."
UV_571,"This sentence has a cucumber and a wedded parrot in it."
UV_572,"This sentence has a polo and a trinal laura in it."
UV_573,"This sentence has a pharmacist and a goodish car in it."
UV_574,"This sentence has a star and a dozing sudan in it."
UV_575,"This sentence has a kitten and a knowing glove in it."
UV_576,"This sentence has a cement and a marshy appeal in it."
UV_577,"This sentence has a giraffe and a histie number in it."
UV_578,"This sentence has a polo and a burry aluminum in it."
UV_579,"This sentence has a drink and a jutting home in it."
UV_580,"This sentence has a carriage and a foetal target in it."
UV_581,"This sentence has a crocodile and a crimpy self in it."
UV_582,"This sentence has an america and a scombroid cork in it."
UV_583,"This sentence has a cartoon and an unaired pickle in it."
UV_584,"This sentence has a secretary and a chummy waste in it."
UV_585,"This sentence has a half-brother and a pauseful snowplow in it."
UV_586,"This sentence has a window and a dotal cappelletti in it."
UV_587,"This sentence has a biplane and a motey ravioli in it."
UV_588,"This sentence has a sort and a quondam crayfish in it."
UV_589,"This sentence has a dash and a songless drain in it."
UV_590,"This sentence has a deodorant and a spiky cupcake in it."
UV_591,"This sentence has an area and an unfought call in it."
UV_592,"This sentence has a stop and a fungal hall in it."
UV_593,"This sentence has a step-grandfather and a ramose jumper in it."
UV_594,"This sentence has a sociology and a grave octopus in it."
UV_595,"This sentence has a veil and a surprised smoke in it."
UV_596,"This sentence has a cable and a prowessed locust in it."
UV_597,"This sentence has a height and a bistred cathedral in it."
UV_598,"This sentence has a chinese and an idlest desert in it."
UV_599,"This sentence has a waterfall and a sloping xylophone in it."
UV_600,"This sentence has an okra and a scombrid star in it."
UV_601,"This sentence has a band and an unfanned rugby in it."
UV_602,"This sentence has a barber and a perished ski in it."
UV_603,"This sentence has a missile and a chummy foot in it."
UV_604,"This sentence has a salmon and a fringeless meeting in it."
UV_605,"This sentence has a shoemaker and a folksy map in it."
UV_606,"This sentence has a sparrow and a specious dentist in it."
UV_607,"This sentence has a brazil and a clingy lung in it."
UV_608,"This sentence has a popcorn and a ribless writer in it."
UV_609,"This sentence has a salad and a graceless sweater in it."
UV_610,"This sentence has a taiwan and an untiled appendix in it."
UV_611,"This sentence has a pine and a crenate honey in it."
UV_612,"This sentence has an armchair and a herbal back in it."
UV_613,"This sentence has a suede and a vorant llama in it."
UV_614,"This sentence has a boy and a dragging server in it."
UV_615,"This sentence has a leg and a visaged earth in it."
UV_616,"This sentence has a map and a tourist crack in it."
UV_617,"This sentence has a way and an unsheathed catsup in it."
UV_618,"This sentence has an attack and a regnant plate in it."
UV_619,"This sentence has a microwave and an unshorn mine in it."
UV_620,"This sentence has an hourglass and an unkenned plaster in it."
UV_621,"This sentence has a gym and a deathful aluminum in it."
UV_622,"This sentence has a brass and a glibbest christmas in it."
UV_623,"This sentence has a reading and a tressy chicory in it."
UV_624,"This sentence has an overcoat and a bitten acrylic in it."
UV_625,"This sentence has a guarantee and a quantal dedication in it."
UV_626,"This sentence has a dash and a tandem restaurant in it."
UV_627,"This sentence has a tomato and a banded enemy in it."
UV_628,"This sentence has an acrylic and a nightly margin in it."
UV_629,"This sentence has an outrigger and a maintained lunch in it."
UV_630,"This sentence has a spade and an unbegged decrease in it."
UV_631,"This sentence has a chick and a fattish sandwich in it."
UV_632,"This sentence has a sudan and a cordial wine in it."
UV_633,"This sentence has a swallow and an indrawn butter in it."
UV_634,"This sentence has a vegetable and a flatling sentence in it."
UV_635,"This sentence has a ton and a caddish arithmetic in it."
UV_636,"This sentence has a denim and a melic candle in it."
UV_637,"This sentence has a catamaran and a riblike columnist in it."
UV_638,"This sentence has a sofa and a crabby leopard in it."
UV_639,"This sentence has a fox and a scribal c-clamp in it."
UV_640,"This sentence has a drama and a runic stone in it."
UV_641,"This sentence has an amount and an unsheathed carrot in it."
UV_642,"This sentence has a discussion and a tasty manx in it."
UV_643,"This sentence has a fall and an unchewed baritone in it."
UV_644,"This sentence has a basket and a remiss copyright in it."
UV_645,"This sentence has a belgian and a trivalve outrigger in it."
UV_646,"This sentence has a literature and a sporty germany in it."
UV_647,"This sentence has a pipe and a mighty tail in it."
UV_648,"This sentence has a smile and a talky bubble in it."
UV_649,"This sentence has a slash and a scathing amount in it."
UV_650,"This sentence has a disgust and a sopping cloth in it."
UV_651,"This sentence has a baker and a rebel flare in it."
UV_652,"This sentence has an attack and a despised jute in it."
UV_653,"This sentence has a pastry and an unplaced firewall in it."
UV_654,"This sentence has a harmony and a feeble beet in it."
UV_655,"This sentence has a jeep and a remiss gate in it."
UV_656,"This sentence has a den and a crinkly justice in it."
UV_657,"This sentence has a wine and an unfelled flax in it."
UV_658,"This sentence has a porch and a swainish pyjama in it."
UV_659,"This sentence has a tulip and a loyal internet in it."
UV_660,"This sentence has a competitor and a hissing switch in it."
UV_661,"This sentence has a jumper and a submerged blowgun in it."
UV_662,"This sentence has a stove and a slinky sneeze in it."
UV_663,"This sentence has a dipstick and a tenty grandfather in it."
UV_664,"This sentence has an algebra and a chairborne adult in it."
UV_665,"This sentence has a scooter and an ireful chin in it."
UV_666,"This sentence has a grandson and an inky addition in it."
UV_667,"This sentence has a snowplow and a gruesome frost in it."
UV_668,"This sentence has an alto and a bluish humor in it."
UV_669,"This sentence has a rub and a cany spider in it."
UV_670,"This sentence has a willow and a plummy chalk in it."
UV_671,"This sentence has a flat and a cichlid call in it."
UV_672,"This sentence has a town and an unreined zoology in it."
UV_673,"This sentence has a lamp and an unschooled nancy in it."
UV_674,"This sentence has a chinese and an unmown existence in it."
UV_675,"This sentence has a swan and an unturfed brush in it."
UV_676,"This sentence has a mirror and a hydroid blizzard in it."
UV_677,"This sentence has a crop and a crisscross stick in it."
UV_678,"This sentence has a mail and an antlered yew in it."
UV_679,"This sentence has a comparison and an amiss shoe in it."
UV_680,"This sentence has a plane and a combless dietician in it."
UV_681,"This sentence has a coffee and a thriftless finger in it."
UV_682,"This sentence has a harmony and a fourscore titanium in it."
UV_683,"This sentence has a behavior and a wistful soy in it."
UV_684,"This sentence has a bay and a tripping Saturday in it."
UV_685,"This sentence has a meal and a sclerosed waterfall in it."
UV_686,"This sentence has a behavior and an uncalled cord in it."
UV_687,"This sentence has a postage and a losel string in it."
UV_688,"This sentence has a bath and a prideful pond in it."
UV_689,"This sentence has an oval and a feline height in it."
UV_690,"This sentence has a speedboat and a svelter face in it."
UV_691,"This sentence has a helium and a blissless industry in it."
UV_692,"This sentence has a gauge and a gawky jasmine in it."
UV_693,"This sentence has a cent and a loathly silver in it."
UV_694,"This sentence has a maid and an outcast hacksaw in it."
UV_695,"This sentence has a kilogram and a racist croissant in it."
UV_696,"This sentence has an error and a rufous group in it."
UV_697,"This sentence has a parsnip and a moneyed cylinder in it."
UV_698,"This sentence has a deal and a baggy attic in it."
UV_699,"This sentence has a quartz and a petalled ketchup in it."
UV_700,"This sentence has a nail and a winded lyocell in it."
UV_701,"This sentence has an airbus and a commo thermometer in it."
UV_702,"This sentence has an apartment and a subgrade robin in it."
UV_703,"This sentence has a temper and a lymphoid minibus in it."
UV_704,"This sentence has a gauge and an otic passive in it."
UV_705,"This sentence has a mailman and a dextral bladder in it."
UV_706,"This sentence has a bandana and a diploid exclamation in it."
UV_707,"This sentence has an undercloth and an unclean fiberglass in it."
UV_708,"This sentence has a screen and a faecal pencil in it."
UV_709,"This sentence has a ruth and a sural wrench in it."
UV_710,"This sentence has an office and a groundless pizza in it."
UV_711,"This sentence has a larch and a lipoid bun in it."
UV_712,"This sentence has a ramie and an umbrose dragonfly in it."
UV_713,"This sentence has a granddaughter and an osiered throat in it."
UV_714,"This sentence has a beginner and a furthest good-bye in it."
UV_715,"This sentence has a stepson and a smarty war in it."
UV_716,"This sentence has a backbone and a cosher radar in it."
UV_717,"This sentence has a digital and a carking scale in it."
UV_718,"This sentence has a key and a fretful push in it."
UV_719,"This sentence has an uganda and a replete lunch in it."
UV_720,"This sentence has a helen and a humdrum dress in it."
UV_721,"This sentence has a book and a furzy penalty in it."
UV_722,"This sentence has a stitch and a vagrom Vietnam in it."
UV_723,"This sentence has a sausage and a brickle pruner in it."
UV_724,"This sentence has a flesh and a battered astronomy in it."
UV_725,"This sentence has an offence and a shirtless bull in it."
UV_726,"This sentence has a country and a fadeless space in it."
UV_727,"This sentence has a team and a woollen eagle in it."
UV_728,"This sentence has a punch and a prying kilogram in it."
UV_729,"This sentence has a canoe and a gladsome partridge in it."
UV_730,"This sentence has a mini-skirt and a plumbless ophthalmologist in it."
UV_731,"This sentence has a japanese and a pleasing january in it."
UV_732,"This sentence has a power and a par richard in it."
UV_733,"This sentence has a raft and a northmost kitty in it."
UV_734,"This sentence has a bread and a bluest kitty in it."
UV_735,"This sentence has a geometry and a ratty correspondent in it."
UV_736,"This sentence has a meteorology and a steric beggar in it."
UV_737,"This sentence has a fridge and a witchy season in it."
UV_738,"This sentence has an evening and a crownless deer in it."
UV_739,"This sentence has a timbale and a gruffish pendulum in it."
UV_740,"This sentence has a nut and a sunburnt thought in it."
UV_741,"This sentence has a font and a starveling calculator in it."
UV_742,"This sentence has a seed and a limbless whip in it."
UV_743,"This sentence has an edger and a crackbrained justice in it."
UV_744,"This sentence has a viscose and a bangled justice in it."
UV_745,"This sentence has an ash and an unplucked work in it."
UV_746,"This sentence has a monkey and a beveled join in it."
UV_747,"This sentence has a boundary and a casteless authority in it."
UV_748,"This sentence has a ski and a choky court in it."
UV_749,"This sentence has a fear and an unfirm soda in it."
UV_750,"This sentence has a gander and a sweated yogurt in it."
UV_751,"This sentence has a kenneth and a spacial colombia in it."
UV_752,"This sentence has a skin and a soapless desk in it."
UV_753,"This sentence has an ikebana and a fleshless heat in it."
UV_754,"This sentence has a step and a muggy dock in it."
UV_755,"This sentence has a kidney and an earnest willow in it."
UV_756,"This sentence has a phone and a doughy vase in it."
UV_757,"This sentence has a garden and a soupy downtown in it."
UV_758,"This sentence has an example and a chatty street in it."
UV_759,"This sentence has a foxglove and a routed network in it."
UV_760,"This sentence has a seagull and a rakehell library in it."
UV_761,"This sentence has an aftermath and an only ground in it."
UV_762,"This sentence has a banana and a pennoned control in it."
UV_763,"This sentence has a governor and a chalky brother in it."
UV_764,"This sentence has a bun and a rotting tuba in it."
UV_765,"This sentence has a straw and a lurdan skin in it."
UV_766,"This sentence has a wholesaler and an irate red in it."
UV_767,"This sentence has a dinner and an unweaned sheet in it."
UV_768,"This sentence has a fisherman and an averse beaver in it."
UV_769,"This sentence has a commission and a lithoid board in it."
UV_770,"This sentence has a begonia and a distrait cat in it."
UV_771,"This sentence has a scallion and a spellbound crocus in it."
UV_772,"This sentence has a tendency and a tsarist mercury in it."
UV_773,"This sentence has a surname and an airtight kite in it."
UV_774,"This sentence has an interest and a frenzied meeting in it."
UV_775,"This sentence has a cousin and a spermic mist in it."
UV_776,"This sentence has a brow and a zebrine bangle in it."
UV_777,"This sentence has a citizenship and a sloshy tax in it."
UV_778,"This sentence has an authority and a snaggy paper in it."
UV_779,"This sentence has a beret and a beady ladybug in it."
UV_780,"This sentence has a line and a trochoid leopard in it."
UV_781,"This sentence has a blizzard and a pinkish share in it."
UV_782,"This sentence has a grip and a pasty interest in it."
UV_783,"This sentence has a yogurt and a racemed timbale in it."
UV_784,"This sentence has an eyeliner and a homeward suggestion in it."
UV_785,"This sentence has an australia and a stubborn lead in it."
UV_786,"This sentence has a quill and a beady russian in it."
UV_787,"This sentence has a muscle and a bronzy biplane in it."
UV_788,"This sentence has a bacon and a sonsie peony in it."
UV_789,"This sentence has a nest and a stagnant twilight in it."
UV_790,"This sentence has a japanese and an unsolved sofa in it."
UV_791,"This sentence has a rest and a flightless cow in it."
UV_792,"This sentence has a romanian and a sassy cylinder in it."
UV_793,"This sentence has a governor and a mossy rest in it."
UV_794,"This sentence has a tractor and an agnate father in it."
UV_795,"This sentence has a quiet and an apeak soy in it."
UV_796,"This sentence has a vase and a lukewarm cannon in it."
UV_797,"This sentence has a wren and a guiding lunch in it."
UV_798,"This sentence has a graphic and a dusky cardboard in it."
UV_799,"This sentence has a system and a dozenth measure in it."
UV_800,"This sentence has a scooter and a pass lamp in it."
UV_801,"This sentence has a malaysia and a bardic stinger in it."
UV_802,"This sentence has a hearing and a crackpot ice in it."
UV_803,"This sentence has a bike and an ullaged charles in it."
UV_804,"This sentence has an enemy and an unwired oak in it."
UV_805,"This sentence has a french and a retained drain in it."
UV_806,"This sentence has a detective and a present belgian in it."
UV_807,"This sentence has a line and a kacha delete in it."
UV_808,"This sentence has a team and a floccus pan in it."
UV_809,"This sentence has a power and a steric dipstick in it."
UV_810,"This sentence has an iran and a cloudless australia in it."
UV_811,"This sentence has a dinosaur and a booted yak in it."
UV_812,"This sentence has a tomato and a defiled rainstorm in it."
UV_813,"This sentence has a viscose and a fluent withdrawal in it."
UV_814,"This sentence has an astronomy and a bashful help in it."
UV_815,"This sentence has a pizza and a diverse laundry in it."
UV_816,"This sentence has an input and a shredless estimate in it."
UV_817,"This sentence has a comic and a footling wrist in it."
UV_818,"This sentence has a close and a slimline seagull in it."
UV_819,"This sentence has a poison and a centred growth in it."
UV_820,"This sentence has an increase and a clotty internet in it."
UV_821,"This sentence has a wallet and an air acoustic in it."
UV_822,"This sentence has a battle and a prowessed basketball in it."
UV_823,"This sentence has a sweater and a dulcet passive in it."
UV_824,"This sentence has a men and an anxious hardcover in it."
UV_825,"This sentence has a lumber and a streamlined rail in it."
UV_826,"This sentence has a cap and a basic lawyer in it."
UV_827,"This sentence has a unit and a gloomful toenail in it."
UV_828,"This sentence has a cork and an akin cancer in it."
UV_829,"This sentence has an aardvark and an altern tramp in it."
UV_830,"This sentence has a node and a shirtless ice in it."
UV_831,"This sentence has a literature and a fogbound giant in it."
UV_832,"This sentence has an equinox and a yearning limit in it."
UV_833,"This sentence has a teacher and a doddered hovercraft in it."
UV_834,"This sentence has a volleyball and a senseless couch in it."
UV_835,"This sentence has a musician and a scandent pig in it."
UV_836,"This sentence has a gender and a pally replace in it."
UV_837,"This sentence has a horn and a puffy rake in it."
UV_838,"This sentence has a kimberly and a viewless signature in it."
UV_839,"This sentence has a pest and a halest insurance in it."
UV_840,"This sentence has a baboon and a parol tempo in it."
UV_841,"This sentence has a crown and a diet schedule in it."
UV_842,"This sentence has a canvas and a prowessed flock in it."
UV_843,"This sentence has a bear and a triform sidecar in it."
UV_844,"This sentence has a cough and an untired kettle in it."
UV_845,"This sentence has a chime and a eustyle sousaphone in it."
UV_846,"This sentence has a taste and a tapelike slipper in it."
UV_847,"This sentence has a christopher and a gravid michelle in it."
UV_848,"This sentence has a deer and a brumous attempt in it."
UV_849,"This sentence has a position and a smelly pet in it."
UV_850,"This sentence has a kettledrum and a ridden viscose in it."
UV_851,"This sentence has a fisherman and a crusty action in it."
UV_852,"This sentence has a brochure and a sanded peen in it."
UV_853,"This sentence has a mini-skirt and a sweeping butcher in it."
UV_854,"This sentence has a lyre and a bemused sauce in it."
UV_855,"This sentence has an occupation and a fumy lobster in it."
UV_856,"This sentence has a michael and a gardant lotion in it."
UV_857,"This sentence has a modem and a strutting swim in it."
UV_858,"This sentence has a sack and a verbless example in it."
UV_859,"This sentence has a rhythm and a pyknic iris in it."
UV_860,"This sentence has a grouse and a dronish couch in it."
UV_861,"This sentence has a buzzard and a starveling detail in it."
UV_862,"This sentence has a mechanic and a saucy turnip in it."
UV_863,"This sentence has a picture and a statist brown in it."
UV_864,"This sentence has a wheel and a wintry activity in it."
UV_865,"This sentence has a cycle and a canty bass in it."
UV_866,"This sentence has a swallow and a curvy pike in it."
UV_867,"This sentence has a responsibility and a stotious budget in it."
UV_868,"This sentence has a radish and an unseen hell in it."
UV_869,"This sentence has an iran and a throneless yellow in it."
UV_870,"This sentence has a tent and an abridged date in it."
UV_871,"This sentence has a Tuesday and a lucent friend in it."
UV_872,"This sentence has an argentina and a laky tractor in it."
UV_873,"This sentence has a relish and a gnathic cathedral in it."
UV_874,"This sentence has a boy and a nippy beard in it."
UV_875,"This sentence has an instrument and a haunting pair of pants in it."
UV_876,"This sentence has a mail and a tenor clock in it."
UV_877,"This sentence has a centimeter and a tricksome orange in it."
UV_878,"This sentence has an oak and a princely nut in it."
UV_879,"This sentence has a cricket and a scarcer wrinkle in it."
UV_880,"This sentence has a china and a homely population in it."
UV_881,"This sentence has an arithmetic and a pillaged numeric in it."
UV_882,"This sentence has a needle and a trillion cloth in it."
UV_883,"This sentence has a good-bye and a calfless retailer in it."
UV_884,"This sentence has a banana and a gnomish professor in it."
UV_885,"This sentence has a cheek and an adunc cappelletti in it."
UV_886,"This sentence has a snail and a scrubbed wire in it."
UV_887,"This sentence has a rice and a silty dugout in it."
UV_888,"This sentence has a pint and a fledgeling bowl in it."
UV_889,"This sentence has an underpant and a songful jail in it."
UV_890,"This sentence has a pest and a chaffless mascara in it."
UV_891,"This sentence has a nest and a venose jellyfish in it."
UV_892,"This sentence has an illegal and a faddish armadillo in it."
UV_893,"This sentence has a technician and a bristly peripheral in it."
UV_894,"This sentence has a napkin and a clumsy otter in it."
UV_895,"This sentence has a chord and a floaty arithmetic in it."
UV_896,"This sentence has a grape and a sanded throat in it."
UV_897,"This sentence has a machine and a drowsy segment in it."
UV_898,"This sentence has a part and a zincoid vessel in it."
UV_899,"This sentence has a bulldozer and a postponed market in it."
UV_900,"This sentence has a clave and a pulpy doctor in it."
UV_901,"This sentence has a millimeter and a gutless waste in it."
UV_902,"This sentence has a secretary and a turfy cirrus in it."
UV_903,"This sentence has a dugout and a mere opinion in it."
UV_904,"This sentence has a pajama and a depraved ounce in it."
UV_905,"This sentence has a coal and a starlike politician in it."
UV_906,"This sentence has a butane and a natty key in it."
UV_907,"This sentence has a chin and a dinkies alto in it."
UV_908,"This sentence has a laura and an irksome plough in it."
UV_909,"This sentence has an aluminium and a squirmy branch in it."
UV_910,"This sentence has a hen and an improved puffin in it."
UV_911,"This sentence has a biplane and a grateful beggar in it."
UV_912,"This sentence has a brochure and a muscid elizabeth in it."
UV_913,"This sentence has an interest and an unposed palm in it."
UV_914,"This sentence has a top and an adnate citizenship in it."
UV_915,"This sentence has a noise and a chill balloon in it."
UV_916,"This sentence has a snail and a flawless front in it."
UV_917,"This sentence has a jar and a sunrise measure in it."
UV_918,"This sentence has a switch and a homespun cheetah in it."
UV_919,"This sentence has a harmony and a starring mom in it."
UV_920,"This sentence has an accountant and a treacly composer in it."
UV_921,"This sentence has a chef and a percent attack in it."
UV_922,"This sentence has a Thursday and a bluish chef in it."
UV_923,"This sentence has a children and a japan scarf in it."
UV_924,"This sentence has a drizzle and a tonguelike beauty in it."
UV_925,"This sentence has a daniel and a dovetailed delivery in it."
UV_926,"This sentence has a cave and a sickly riverbed in it."
UV_927,"This sentence has an asphalt and a carsick plaster in it."
UV_928,"This sentence has a driver and a drier soldier in it."
UV_929,"This sentence has a veterinarian and a convex mouse in it."
UV_930,"This sentence has a millennium and an unlimed samurai in it."
UV_931,"This sentence has a windshield and a byssal breath in it."
UV_932,"This sentence has a caution and an eastbound cowbell in it."
UV_933,"This sentence has a respect and a learned engine in it."
UV_934,"This sentence has a size and a lated farmer in it."
UV_935,"This sentence has a police and an argent quart in it."
UV_936,"This sentence has an indonesia and a lawless betty in it."
UV_937,"This sentence has a stew and a chemic spring in it."
UV_938,"This sentence has a surname and a fitting nitrogen in it."
UV_939,"This sentence has a clover and an enthralled elbow in it."
UV_940,"This sentence has an octave and a gulfy beard in it."
UV_941,"This sentence has a tail and a tother barge in it."
UV_942,"This sentence has a prosecution and a sensate temperature in it."
UV_943,"This sentence has a soybean and a ventose tuba in it."
UV_944,"This sentence has a stage and a nightly gosling in it."
UV_945,"This sentence has a step-daughter and a whate'er polyester in it."
UV_946,"This sentence has a multimedia and a tearing pediatrician in it."
UV_947,"This sentence has a harmony and an engraved ferryboat in it."
UV_948,"This sentence has an airbus and an obscure british in it."
UV_949,"This sentence has a texture and a stenosed hardware in it."
UV_950,"This sentence has a bongo and a trainless record in it."
UV_951,"This sentence has a kimberly and a craftless message in it."
UV_952,"This sentence has a chocolate and a roughish wedge in it."
UV_953,"This sentence has a lightning and an attent passive in it."
UV_954,"This sentence has a snake and a gainful pencil in it."
UV_955,"This sentence has a wasp and a twinkling thailand in it."
UV_956,"This sentence has a seagull and a bashful ladybug in it."
UV_957,"This sentence has a mandolin and a forte break in it."
UV_958,"This sentence has a handsaw and a luckless spark in it."
UV_959,"This sentence has a part and an ungrudged coach in it."
UV_960,"This sentence has an antelope and a thoughtless myanmar in it."
UV_961,"This sentence has an india and a downstage mine in it."
UV_962,"This sentence has a clock and a blaring lobster in it."
UV_963,"This sentence has a chard and a plotless insulation in it."
UV_964,"This sentence has a suit and a weepy cymbal in it."
UV_965,"This sentence has a wheel and a pictured ferryboat in it."
UV_966,"This sentence has an owl and a leafless manx in it."
UV_967,"This sentence has a poppy and a theist giant in it."
UV_968,"This sentence has an eyelash and a wifely legal in it."
UV_969,"This sentence has an anthropology and a benzal neck in it."
UV_970,"This sentence has an ocelot and a florid thread in it."
UV_971,"This sentence has a chance and a snuffy playground in it."
UV_972,"This sentence has a dill and a canny camel in it."
UV_973,"This sentence has a plier and a foppish transmission in it."
UV_974,"This sentence has a lace and a hydric downtown in it."
UV_975,"This sentence has an acoustic and a flawless certification in it."
UV_976,"This sentence has an activity and a quinoid beginner in it."
UV_977,"This sentence has a women and a cyan millennium in it."
UV_978,"This sentence has a guarantee and a piercing fedelini in it."
UV_979,"This sentence has a library and a mottled alcohol in it."
UV_980,"This sentence has a snow and a winglike support in it."
UV_981,"This sentence has a reminder and a hazy ground in it."
UV_982,"This sentence has a ruth and a mopey porter in it."
UV_983,"This sentence has a respect and a thrilling berry in it."
UV_984,"This sentence has a night and a rheumy beauty in it."
UV_985,"This sentence has a cornet and a currish maid in it."
UV_986,"This sentence has a flavor and a lissom step-grandmother in it."
UV_987,"This sentence has a stamp and an unwise comic in it."
UV_988,"This sentence has a thistle and a grippy work in it."
UV_989,"This sentence has a hyena and an uncouth alley in it."
UV_990,"This sentence has a violet and a lofty father-in-law in it."
UV_991,"This sentence has a yacht and a basic instruction in it."
UV_992,"This sentence has a gearshift and an obese metal in it."
UV_993,"This sentence has a join and a jagged floor in it."
UV_994,"This sentence has a pair and an unbid branch in it."
UV_995,"This sentence has a sampan and a snakelike nylon in it."
UV_996,"This sentence has a foam and a dumbstruck booklet in it."
UV_997,"This sentence has a ping and a cliffy railway in it."
UV_998,"This sentence has an alto and a muted weed in it."
UV_999,"This sentence has a ping and a slouchy government in it."
